location,BHK,price
 Anekal,1.0,16.0
 Banaswadi,1.0,35.0
 Basavangudi,1.0,50.0
 Bhoganhalli,1.0,22.89
 Devarabeesana Halli,2.0,70.0
 Devarabeesana Halli,3.0,152.25
 Devarachikkanahalli,2.0,48.375
 Devarachikkanahalli,3.0,81.83333333333333
 Electronic City,1.0,23.25
 Mysore Highway,1.0,25.833333333333332
 Mysore Highway,3.0,70.0
 Rachenahalli,1.0,23.9
 Sector 1 HSR Layout,1.0,276.0
 Thanisandra,1.0,26.166666666666668
 Whitefield,1.0,52.0
 ittamadu,3.0,110.0
 south,3.0,480.0
 south,4.0,410.0
1 Annasandrapalya,11.0,150.0
1 Giri Nagar,11.0,360.0
1 Ramamurthy Nagar,11.0,170.0
12th cross srinivas nagar banshankari 3rd stage,1.0,200.0
1A Block Koramangala,4.0,650.0
1Channasandra,14.0,125.0
1Hoysalanagar,13.0,275.0
1st Block BEL Layout,3.0,85.0
1st Block BEL Layout,4.0,250.0
1st Block HBR Layout,1.0,45.0
1st Block HBR Layout,4.0,150.0
1st Block HBR Layout,5.0,500.0
1st Block HRBR Layout,2.0,67.0
1st Block HRBR Layout,3.0,113.33333333333333
1st Block HRBR Layout,7.0,355.0
1st Block HRBR Layout,8.0,235.0
1st Block Jayanagar,2.0,104.0
1st Block Jayanagar,3.0,186.33333333333334
1st Block Jayanagar,4.0,414.75
1st Block Jayanagar,6.0,125.0
1st Block Jayanagar,7.0,85.0
1st Block Jayanagar,8.0,50.0
1st Block Koramangala,2.0,73.5
1st Block Koramangala,3.0,131.5
1st Block Koramangala,4.0,470.2
1st Phase JP Nagar,1.0,50.0
1st Phase JP Nagar,2.0,100.92857142857143
1st Phase JP Nagar,3.0,186.33333333333334
1st Phase JP Nagar,4.0,282.4
1st Phase JP Nagar,5.0,350.0
1st Phase JP Nagar,8.0,240.0
1st Stage Domlur,3.0,65.0
1st Stage Indira Nagar,2.0,59.333333333333336
1st Stage Indira Nagar,4.0,400.5
1st Stage Radha Krishna Layout,6.0,250.0
2Electronic City Phase II,27.0,230.0
2nd Block Bel Layout,3.0,92.0
2nd Block Hbr Layout,5.0,55.0
2nd Block Hrbr Layout,3.0,96.66666666666667
2nd Block Hrbr Layout,4.0,154.5
2nd Block Jayanagar,2.0,97.0
2nd Block Jayanagar,3.0,223.0
2nd Block Jayanagar,4.0,1150.0
2nd Block Koramangala,3.0,550.0
2nd Phase JP Nagar,2.0,53.375
2nd Phase JP Nagar,3.0,344.5
2nd Phase JP Nagar,5.0,200.0
2nd Phase JP Nagar,6.0,170.0
2nd Phase JP Nagar,8.0,185.0
2nd Phase Judicial Layout,1.0,26.0
2nd Phase Judicial Layout,2.0,39.125
2nd Phase Judicial Layout,3.0,54.25
2nd Stage Arekere Mico Layout,3.0,142.0
2nd Stage Arekere Mico Layout,4.0,182.5
2nd Stage Nagarbhavi,3.0,117.5
2nd Stage Nagarbhavi,4.0,167.6
2nd Stage Nagarbhavi,5.0,245.625
2nd Stage Nagarbhavi,6.0,378.0
"2nd phase jp nagar, jp nagar",3.0,205.0
3rd Block Banashankari,3.0,133.0
3rd Block Banashankari,4.0,362.5
3rd Block Banashankari,5.0,325.0
3rd Block Banashankari,6.0,650.0
3rd Block HBR Layout,3.0,100.0
3rd Block Hrbr Layout,2.0,116.25
3rd Block Hrbr Layout,3.0,140.0
3rd Block Hrbr Layout,4.0,210.0
3rd Block Hrbr Layout,5.0,190.0
3rd Block Jayanagar,2.0,130.0
3rd Block Jayanagar,3.0,190.0
3rd Block Koramangala,3.0,220.0
3rd Phase Iti Layout,2.0,63.0
3rd Phase JP Nagar,3.0,174.5
3rd Phase JP Nagar,4.0,345.0
3rd Stage Raja Rajeshwari Nagar,2.0,65.0
4 Bedroom Farm House in Bagalur,4.0,80.0
4th Block HBR Layout,5.0,138.0
4th Block Jayanagar,2.0,70.0
4th Block Jayanagar,3.0,215.0
4th Block Jayanagar,7.0,700.0
4th Block Koramangala,2.0,123.5
4th Block Koramangala,3.0,140.0
4th Block Koramangala,4.0,443.3333333333333
4th Phase JP Nagar,2.0,48.96666666666667
4th Phase JP Nagar,5.0,360.0
4th T block Jayanagar,3.0,196.66666666666666
4th T block Jayanagar,4.0,346.6666666666667
5th Block Hbr Layout,2.0,57.666666666666664
5th Block Hbr Layout,3.0,70.0
5th Block Hbr Layout,4.0,205.0
5th Block Hbr Layout,5.0,175.0
5th Block Hbr Layout,6.0,275.0
5th Block Jayanagar,1.0,300.0
5th Block Jayanagar,3.0,75.0
5th Block Jayanagar,4.0,2340.0
5th Phase JP Nagar,1.0,26.75
5th Phase JP Nagar,2.0,58.145
5th Phase JP Nagar,3.0,78.22222222222223
5th Phase JP Nagar,4.0,179.0
5th Phase JP Nagar,5.0,170.0
5th Phase JP Nagar,7.0,95.0
5th Phase JP Nagar,8.0,250.0
5th Phase JP Nagar,9.0,165.0
5th Stage BEML Layout,3.0,85.0
5th block Koramangala,4.0,520.0
6th Block Jayanagar,3.0,255.0
6th Block Rajaji Nagar,4.0,190.0
6th Phase JP Nagar,1.0,90.0
6th Phase JP Nagar,2.0,78.125
6th Phase JP Nagar,3.0,119.14999999999999
6th Phase JP Nagar,4.0,125.0
6th Phase JP Nagar,8.0,135.0
6th block Koramangala,2.0,110.0
6th block Koramangala,3.0,296.53333333333336
6th block Koramangala,5.0,300.0
"6th block banashankari 3rd stage, 100 feet ORR",3.0,660.0
7th Block Jayanagar,3.0,290.6666666666667
7th Block Jayanagar,4.0,480.0
7th Block Jayanagar,5.0,528.0
7th Block Koramangala,6.0,130.0
7th Phase JP Nagar,1.0,59.0
7th Phase JP Nagar,2.0,63.509516129032264
7th Phase JP Nagar,3.0,108.6525352112676
7th Phase JP Nagar,4.0,286.3333333333333
7th Phase JP Nagar,5.0,270.0
7th Phase JP Nagar,6.0,120.0
7th Phase JP Nagar,7.0,170.0
8th Block Jayanagar,2.0,380.0
8th Block Jayanagar,6.0,300.0
8th Phase JP Nagar,1.0,30.975
8th Phase JP Nagar,2.0,48.48295454545455
8th Phase JP Nagar,3.0,70.72611111111111
8th Phase JP Nagar,4.0,142.1
8th Phase JP Nagar,5.0,75.0
8th Phase JP Nagar,6.0,260.0
8th block Koramangala,2.0,156.0
8th block Koramangala,3.0,225.0
8th block Koramangala,4.0,300.0
9th Block Jayanagar,1.0,150.0
9th Block Jayanagar,4.0,220.0
9th Block Jayanagar,6.0,280.0
9th Block Jayanagar,9.0,270.0
9th Phase JP Nagar,1.0,20.0
9th Phase JP Nagar,2.0,50.768
9th Phase JP Nagar,3.0,72.074
9th Phase JP Nagar,4.0,186.0
9th Phase JP Nagar,6.0,75.0
9th Phase JP Nagar,7.0,167.5
A Narayanapura,1.0,60.0
A Narayanapura,4.0,180.0
AECS LAYOUT A-BLOCK Singasandra,5.0,225.0
AECS Layout,2.0,54.50888888888889
AECS Layout,3.0,84.33333333333333
AGB Layout,7.0,145.0
AGS Layout,2.0,47.05666666666667
AGS Layout,3.0,82.4
AMS Layout,1.0,19.0
AMS Layout,3.0,80.0
AMS Layout,4.0,110.0
Aavalahalli,2.0,41.94
Abbaiah Reddy Layout,2.0,41.288
Abbaiah Reddy Layout,3.0,50.0
Abbigere,1.0,24.91
Abbigere,2.0,38.67076923076923
Abbigere,3.0,38.266666666666666
Abbigere,4.0,120.0
Abbigere,5.0,98.0
Abbigere,6.0,81.33333333333333
Abbigere,8.0,150.0
Abshot Layout,2.0,185.0
Achins Road,7.0,410.0
Adarsh Nagar,2.0,50.0
Addischetan Layout,3.0,55.0
Adityanagar,1.0,41.0
Adityanagar,5.0,120.0
Adugodi,2.0,65.0
Agara Village,3.0,120.0
Agrahara Dasarahalli,1.0,68.5
Agrahara Dasarahalli,3.0,120.0
Air View Colony,2.0,58.5
Aishwarya Crystal Layout,2.0,51.0
Aishwarya Crystal Layout,3.0,113.0
Akash Nagar,2.0,47.8
Akshaya Nagar,1.0,200.0
Akshaya Nagar,2.0,55.48888888888889
Akshaya Nagar,3.0,95.36
Akshaya Nagar,4.0,105.5
Akshaya Vana,2.0,53.5
Akshaya Vana,3.0,49.0
Akshaya Vana,4.0,166.66666666666666
Akshayanagara East,1.0,40.0
Akshayanagara East,2.0,56.666666666666664
Akshayanagara East,3.0,81.87333333333333
Akshayanagara East,5.0,300.0
Akshayanagara West,2.0,67.5
Akshya Nagar,2.0,66.42333333333333
Akshya Nagar,3.0,58.0
Akshya Nagar,6.0,130.0
Alfa Garden Layout,2.0,42.47
Allalasandra,2.0,22.0
Alur,1.0,15.0
Amam Enclave Layout,2.0,57.5
Amarjyothi Colony,2.0,38.0
Amarjyothi Colony,3.0,61.0
Ambalipura,1.0,43.82
Ambalipura,2.0,63.769999999999996
Ambalipura,3.0,125.11111111111111
Ambalipura,4.0,239.0
Ambedkar Colony,2.0,139.25
Ambedkar Colony,3.0,185.0
Ambedkar Nagar,2.0,91.0
Ambedkar Nagar,3.0,136.4
Ambedkar Nagar,4.0,386.2
Ambedkar Nagar,5.0,627.0
Amblipura,2.0,83.0
Amblipura,3.0,109.33333333333333
Amblipura,4.0,215.0
Amco Colony,3.0,88.0
Amrita Nagar,6.0,150.0
Amruthahalli,1.0,37.25
Amruthahalli,2.0,87.76923076923077
Amruthahalli,3.0,111.25
Amruthahalli,4.0,60.0
Amruthnagar,2.0,59.7
Anand Nagar,2.0,136.66666666666666
Anand Nagar,3.0,247.5
Anand Nagar,6.0,240.0
Anand nagar,2.0,70.0
Anand nagar,3.0,125.0
Anandapura,2.0,50.321176470588235
Anandapura,3.0,60.542857142857144
Anandapura,4.0,70.0
Anandapura,6.0,130.0
Anantapura,2.0,37.0
Anantapura,3.0,77.0
Anantapuram,3.0,63.0
Ananth Nagar,1.0,14.0
Ananth Nagar,2.0,30.381999999999998
Ananth Nagar,3.0,49.6875
Ananth Nagar,4.0,74.5
"Ananthanagar Phase 1,Electronic City , phase 2",2.0,45.9
"Ananthapura, T C palaya Main Road",2.0,60.0
Anathanagar,2.0,45.0
Andrahalli,4.0,185.0
Anekal,1.0,14.7
Anekal,2.0,32.43181818181818
Anekal,3.0,75.28571428571429
Anekal,4.0,36.0
Anjana Nagar,2.0,185.0
Anjana Nagar,5.0,170.0
Anjanapura,1.0,55.0
Anjanapura,2.0,33.30428571428571
Anjanapura,3.0,99.21
Anjanapura,4.0,70.5
Anjappa Layout,2.0,68.33333333333333
Ankappa Layout,2.0,50.0
Ankappa Layout,3.0,70.0
Annaiah Reddy Layout,1.0,22.0
Annaiah Reddy Layout,2.0,48.0
"Annapoorneshwari Layout, JP nagar 7th phase",3.0,70.0
Annapurneshwari Nagar,4.0,210.0
Annasandrapalya,4.0,150.0
Anugrah Layout,3.0,70.0
Anwar Layout,1.0,30.195
Ardendale,2.0,57.0625
Ardendale,3.0,107.45454545454545
Ardendale,4.0,188.33333333333334
Ardendale,5.0,350.0
Arehalli,3.0,68.67666666666666
Arekempanahalli,3.0,110.0
Arekere,1.0,28.0
Arekere,2.0,49.92857142857143
Arekere,3.0,140.6
Arekere,4.0,142.0
Arekere,8.0,225.0
Arishinakunte,4.0,150.0
Ashirvad Colony,2.0,53.25
Ashirvad Colony,4.0,100.0
Ashok Nagar,2.0,60.0
Ashok Nagar,4.0,2912.0
Ashwath Nagar,2.0,64.0
Ashwath Nagar,3.0,87.66666666666667
Ashwathnagar,2.0,46.666666666666664
Ashwathnagar,3.0,215.0
Ashwini layout,1.0,61.0
Ashwini layout,2.0,55.0
Asthagrama Layout,2.0,38.0
Atmananda Colony,2.0,55.333333333333336
Attibele,1.0,12.725000000000001
Attibele,2.0,28.5425
Attibele,3.0,81.83
Attibele,4.0,168.2
Attiguppe,2.0,70.0
Attur Layout,2.0,65.0
Attur Layout,3.0,200.0
Attur Layout,4.0,160.0
Attur Layout,7.0,150.0
Austin Town,1.0,16.666666666666668
Austin Town,2.0,61.25
Avalahalli,1.0,49.0
Avalahalli,2.0,46.29
Avalahalli,3.0,114.0
Avalahalli,4.0,200.0
Ayappa Nagar,2.0,49.0
Ayappa Nagar,3.0,72.0
B Channasandra,2.0,62.0
B Channasandra,5.0,450.0
B K Nagar,6.0,300.0
B Narayanapura,2.0,53.30800000000001
B Narayanapura,3.0,79.6925
B Y Raveshwara Nagar,4.0,140.0
BAGUR,1.0,17.0
BAGUR ROAD,3.0,35.0
BCC Layout,2.0,40.0
BCC Layout,4.0,230.0
BCC Layout,7.0,235.0
BCMC Layout,3.0,80.0
BDS Layout,1.0,37.5
BEL Layout,2.0,105.0
BEL Road,2.0,156.5
BEL Road,3.0,150.0
BEL Road,5.0,1000.0
BEML Layout,2.0,87.5
BEML Layout,3.0,85.0
BEML Layout,4.0,150.0
BEML Layout,5.0,225.0
BEML Layout 5th stage,3.0,85.0
BHEL Layout,4.0,165.0
BHEL Layout,5.0,160.0
BHEL Layout,6.0,170.0
BSM Extension,2.0,37.5
BTM 1st Stage,1.0,40.0
BTM 1st Stage,3.0,200.0
BTM 1st Stage,4.0,138.66666666666666
BTM 1st Stage,5.0,200.0
BTM 1st Stage,6.0,80.0
BTM 1st Stage,7.0,110.0
BTM 2nd Stage,2.0,69.1875
BTM 2nd Stage,3.0,214.0
BTM 2nd Stage,4.0,425.0
BTM 2nd Stage,5.0,416.0
BTM 2nd Stage,8.0,270.0
BTM 4th Stage,1.0,58.0
BTM 4th Stage,2.0,90.0
BTM 4th Stage,3.0,55.0
BTM Layout,1.0,20.0
BTM Layout,2.0,54.4525
BTM Layout,3.0,128.55555555555554
BTM Layout,4.0,122.0
BTM Layout,6.0,165.0
BTM Layout 1stage 9th Main,7.0,138.0
BTM Layout 2nd Stage 1st Phase,4.0,395.0
Baba Nagar,2.0,40.5
Baba Nagar,3.0,96.25
Babusapalaya,2.0,51.83428571428572
Babusapalaya,3.0,50.683
Babusapalaya,6.0,95.0
Badavala Nagar,2.0,79.8
Badavala Nagar,3.0,106.23571428571428
Badrappa Layout,2.0,88.0
Bagalakunte,1.0,91.5
Bagalakunte,2.0,89.0
Bagalakunte,4.0,150.0
Bagalakunte,5.0,95.0
Bagalur,2.0,60.2175
Bagalur,4.0,135.0
Bagalur Main Road,2.0,61.0
Bagalur Main Road,5.0,350.0
Bahubali Nagar,5.0,150.0
Balagere,1.0,41.742916666666666
Balagere,2.0,67.5040625
Balagere,3.0,79.0
Balaji Gardens Layout,1.0,40.0
Balaji Gardens Layout,2.0,33.0
Balepet,6.0,89.0
Banagiri Nagar,3.0,149.53125
Banagiri Nagar,6.0,125.0
Banagirinagar,3.0,130.0
"Banasawadi, ",3.0,156.0
Banashankari,1.0,130.0
Banashankari,2.0,60.65193548387097
Banashankari,3.0,109.81848484848486
Banashankari,4.0,315.0
Banashankari,5.0,92.0
Banashankari,6.0,180.0
Banashankari,9.0,145.0
Banashankari 2 nd Stage,3.0,77.25
Banashankari 2nd Stage,6.0,95.0
"Banashankari 3rd stage, Vivekanandanagar",3.0,100.0
Banashankari 6th Stage,2.0,80.0
"Banashankari 6th Stage ,Subramanyapura",3.0,100.0
"Banashankari 6th stage , 2nd block",3.0,100.0
Banashankari Stage I,5.0,170.0
Banashankari Stage II,2.0,108.0
Banashankari Stage II,3.0,203.75333333333333
Banashankari Stage II,4.0,308.3333333333333
Banashankari Stage II,5.0,467.5
Banashankari Stage III,1.0,145.0
Banashankari Stage III,2.0,84.28
Banashankari Stage III,3.0,79.28909090909092
Banashankari Stage III,4.0,158.16666666666666
Banashankari Stage III,5.0,180.0
Banashankari Stage III,6.0,150.0
Banashankari Stage III,8.0,350.0
Banashankari Stage V,2.0,38.635000000000005
Banashankari Stage V,3.0,70.44800000000001
Banashankari Stage VI,2.0,59.468333333333334
Banashankari Stage VI,3.0,78.315
Banashankari Stage VI,4.0,153.0
Banashankari Stage VI,8.0,175.0
Banashankari stage 2,2.0,77.25
Banashankari3rd stage bigbazar,3.0,125.0
Banaswadi,2.0,60.1
Banaswadi,3.0,74.5
Banaswadi,5.0,140.0
Banaswadi,6.0,185.0
Banaswadi,7.0,830.0
"Banaswadi, ",4.0,214.0
Bande Nallasandra,3.0,130.0
Bandepalya,2.0,48.0
Banjara Layout,2.0,64.76666666666667
Banjara Layout,3.0,77.0
Banjara Layout,4.0,125.0
Banjara Layout,5.0,96.0
Bank Avenue,4.0,99.0
Bank Of Baroda Colony,2.0,79.75
Bank Of Baroda Colony,4.0,295.0
Bannerghatta,2.0,64.78333333333333
Bannerghatta,3.0,134.71428571428572
Bannerghatta,4.0,153.25
Bannerghatta Road,1.0,29.97
Bannerghatta Road,2.0,58.82533898305085
Bannerghatta Road,3.0,91.52962686567163
Bannerghatta Road,4.0,234.2
Bannerghatta Road,5.0,158.0
Bannerghatta Road,6.0,155.0
Bapuji Nagar,4.0,126.0
Basapura,2.0,53.285714285714285
Basapura,3.0,64.66666666666667
Basava Nagar,1.0,16.0
Basava Nagar,2.0,70.0
Basava Nagar,3.0,60.1
Basavanagara,3.0,150.0
Basavanagara,4.0,25.0
Basavanapura,2.0,57.886
Basavanapura,3.0,46.74
Basavanapura,7.0,65.0
Basavangudi,1.0,97.5
Basavangudi,2.0,110.0
Basavangudi,3.0,185.33333333333334
Basavangudi,4.0,210.0
Basavangudi,6.0,435.0
Basavanna Nagar,3.0,91.875
Basaveshwara Nagar,2.0,86.0
Basaveshwara Nagar,3.0,161.66666666666666
Basaveshwara Nagar,4.0,125.0
Basaveshwara Nagar,5.0,339.6
Basaveshwara Nagar,6.0,130.0
Basaveshwara Nagar,7.0,350.0
Basaveshwara Nagar,8.0,250.0
Basaveshwara Nagar Yelahanka,1.0,25.0
Basaveshwara Nagar Yelahanka,2.0,43.0
Basaveshwara Nagar Yelahanka,3.0,185.0
Basaveshwara Nagar Yelahanka,5.0,98.0
Basaveswarnagar,6.0,420.0
"Basnashankari,6th stage,",3.0,54.0
Basvasamithi Layout Vidyaranyapura,4.0,175.0
Battarahalli,1.0,47.0
Battarahalli,2.0,58.025999999999996
Battarahalli,3.0,90.93222222222222
Battarahalli,4.0,70.0
Battarahalli,5.0,110.0
Battarahalli,6.0,100.0
Begur,2.0,48.25
Begur,3.0,71.01
Begur,4.0,97.5
Begur Road,1.0,36.0
Begur Road,2.0,44.32048780487805
Begur Road,3.0,60.78515151515152
Begur Road,4.0,133.3
Begur Road,5.0,130.0
Behind Don Bosco Church,4.0,110.0
Belathur,2.0,38.0
Belatur,2.0,53.333333333333336
Bellandur,1.0,40.0
Bellandur,2.0,59.69230769230769
Bellandur,3.0,104.82451612903226
Bellandur,4.0,200.6
Bellandur,5.0,423.0
Bellandur,7.0,100.0
"Bellandur, ",4.0,206.0
Bellari Road,2.0,44.9475
Bellari Road,4.0,350.0
Bendiganahalli,3.0,95.0
Bendiganahalli,5.0,150.0
Bennigana Halli,3.0,145.0
Benson Town,2.0,202.5
Benson Town,3.0,270.0
Benson Town,4.0,547.7875
Bethel Nagar,1.0,19.0
Bethel Nagar,2.0,33.0
Bethel Nagar,3.0,95.0
Bettadasanapura,5.0,90.0
Bettahalsoor,3.0,85.0
Bettahalsoor,4.0,445.0
Bhagyalakshmi Avenue,1.0,23.25
Bhagyalakshmi Avenue,2.0,34.01
Bharat Nagar,3.0,180.0
Bharathi Nagar,2.0,64.485
Bharathi Nagar,3.0,87.445
Bharathnagar,2.0,120.0
Bhattarahalli,2.0,50.0
Bhoganhalli,2.0,73.49058823529411
Bhoganhalli,3.0,98.46176470588235
Bhoganhalli,4.0,133.42857142857142
Bhoopsandra,3.0,152.5
Bhuvaneshwari Nagar,2.0,53.096000000000004
Bhuvaneshwari Nagar,3.0,50.0
Bhuvaneswari Nagar,2.0,70.0
Bhuvaneswari Nagar,3.0,75.0
Bhuvaneswari Nagar,4.0,185.0
Bidadi,2.0,71.5
Bidadi,4.0,225.0
"Bidere Agarahara, Behind Safal market",2.0,42.0
Bidrahalli,1.0,35.0
Bidrahalli,3.0,72.0
Bikasipura,3.0,75.0
Bikasipura,4.0,255.0
Bikasipura,6.0,280.0
Bilal Nagar,2.0,20.0
Bileshivale,4.0,340.0
Bileshivale,6.0,108.5
Billamaranahalli,2.0,55.0
Billapura,3.0,110.0
Billekahalli,2.0,66.011
Billekahalli,3.0,108.8
Billekahalli,4.0,190.0
Billekahalli,5.0,98.5
Binnamangala,6.0,900.0
Binny Mills Employees Colony,4.0,230.0
Binny Pete,1.0,53.207499999999996
Binny Pete,2.0,99.75999999999999
Binny Pete,3.0,177.9090909090909
Binny Pete,4.0,240.5
Bisuvanahalli,2.0,32.416666666666664
Bisuvanahalli,3.0,44.58923076923077
Bommanahalli,1.0,22.25
Bommanahalli,2.0,50.00411764705883
Bommanahalli,3.0,62.05
Bommanahalli,4.0,85.0
Bommanahalli,5.0,125.0
Bommanahalli,8.0,140.0
Bommasandra,2.0,36.40782608695652
Bommasandra,3.0,58.14454545454546
Bommasandra,5.0,252.0
Bommasandra Industrial Area,2.0,40.376875
Bommasandra Industrial Area,3.0,41.866
Bommenahalli,3.0,137.0
Bommenahalli,4.0,438.2857142857143
Brigade Road,2.0,220.0
Brindavan Layout,2.0,38.68
Brindavan Layout,4.0,150.0
Brindavan Nagar,2.0,90.0
Brindavan Nagar,3.0,125.0
Brooke Bond First Cross,2.0,62.0
Brooke Bond First Cross,3.0,94.0
Brookefield,2.0,68.0
Brookefield,3.0,110.0
Brookefield,4.0,201.5
Brookefield,5.0,250.0
Budigere,1.0,34.902857142857144
Budigere,2.0,59.03020833333333
Budigere,3.0,89.94363636363636
Budigere,4.0,135.0
Bull Temple Road,3.0,140.0
Byadarahalli,3.0,342.5
Byadarahalli,4.0,437.5
Byagadadhenahalli,2.0,23.25
Byagadadhenahalli,3.0,38.0
Byappanahalli,5.0,90.0
Byatarayanapura,1.0,95.33333333333333
Byatarayanapura,2.0,63.0
Byatarayanapura,3.0,82.5
Byrasandra,2.0,60.75
Byrasandra,3.0,53.666666666666664
Byrasandra Extension,2.0,45.0
Byrathi Village,2.0,95.0
Byrathi Village,3.0,120.0
Byrathi Village,4.0,53.666666666666664
Byrathi Village,5.0,100.0
CHIKKATIRUPATHI,3.0,100.0
CMH Road,3.0,350.0
CQAL LAYOUT C BLOCK,3.0,160.0
CQAL Layout,3.0,75.0
CQAL Layout,4.0,475.0
CV Raman Nagar,1.0,53.5
CV Raman Nagar,2.0,58.365
CV Raman Nagar,3.0,111.28571428571429
CV Raman Nagar,4.0,220.0
CV Raman Nagar,5.0,100.0
Cambridge  road,3.0,110.0
Cambridge Layout,2.0,95.0
Cambridge Layout,3.0,261.0
Cambridge Layout,4.0,165.0
Cambridge Layout,5.0,450.0
Canara Bank Colony,2.0,40.0
Canara Bank Colony,3.0,69.876
Canara Bank Layout,3.0,77.5
Canara Bank Layout,4.0,170.0
Carmelaram,2.0,35.0
Carmelaram,3.0,115.28500000000001
Celebrity Paradise Layout,1.0,19.244999999999997
Chaitanya Ananya,4.0,325.0
Challaghatta,2.0,101.0
Challaghatta,3.0,123.0
Chambenahalli,2.0,50.0
Chamrajpet,1.0,85.0
Chamrajpet,2.0,95.8
Chamrajpet,3.0,111.30333333333333
Chamrajpet,4.0,210.33333333333334
Chamrajpet,6.0,230.0
Chamrajpet,9.0,1200.0
Chamundi Nagar,3.0,120.0
Chamundi Nagar,7.0,250.0
Chandapura,1.0,15.394999999999998
Chandapura,2.0,30.419318181818184
Chandapura,3.0,35.80107142857143
Chandapura,4.0,159.0
Chandapura,5.0,79.0
Chandapura,6.0,85.0
Chandra Layout,1.0,75.0
Chandra Layout,2.0,160.0
Chandra Layout,3.0,137.02
Chandra Layout,4.0,85.0
Chandra Layout,7.0,150.0
Channasandra,2.0,38.4352
Channasandra,3.0,60.96111111111111
Channasandra,4.0,194.725
Channasandra,6.0,180.0
Channasandra,7.0,299.0
Channasandra Layout,2.0,45.0
Channasandra Layout,3.0,59.75
Channasandra Layout,5.0,165.0
Chelekare,1.0,60.0
Chelekare,2.0,49.13333333333333
Chelekare,8.0,60.0
Chellikere,2.0,46.0
Chennammana Kere,2.0,56.001999999999995
Chennammana Kere,3.0,79.05333333333333
Chennammana Kere,4.0,145.0
Chennammanakere Achukattu,2.0,63.5
Chennappa Layout,2.0,47.26666666666667
Chennappa Layout,3.0,48.0
Chikbasavanapura,2.0,60.0
Chikka Banaswadi,2.0,70.0
Chikka Banaswadi,3.0,73.0
Chikka Gowdanapalya.,6.0,78.0
Chikka Tirupathi,3.0,106.054
Chikka Tirupathi,4.0,128.25
Chikka Tirupathi,5.0,105.0
Chikkaballapur,3.0,100.0
Chikkabanavar,1.0,20.0
Chikkabanavar,2.0,34.333333333333336
Chikkabanavar,3.0,63.0
Chikkabanavar,4.0,105.0
Chikkabanavar,5.0,77.33333333333333
Chikkabanavar,8.0,110.0
Chikkabettahalli,5.0,150.0
Chikkabidarakallu,4.0,325.0
Chikkadunnasandra,2.0,42.333333333333336
Chikkadunnasandra,3.0,51.0
Chikkagubbi,4.0,400.0
Chikkajala,1.0,50.0
Chikkakannalli,3.0,87.5
Chikkalasandra,2.0,56.16142857142857
Chikkalasandra,3.0,55.989285714285714
Chikkalasandra,5.0,282.5
Chikkanahalli,2.0,52.0
Chikkasandra,2.0,47.0
Chikkasandra,4.0,180.0
Chikkasandra,9.0,120.0
Chikkathoguru,1.0,19.5
Chikkathoguru,2.0,44.0
Chikkathoguru,3.0,75.0
Chikku Lakshmaiah Layout,3.0,282.5
Chinnapanahalli,2.0,46.0
Chokkahalli,3.0,90.0
Chokkanahalli,1.0,28.0
Chokkanahalli,2.0,69.0
Chokkasandra,2.0,33.0
Cholanayakanahalli,1.0,50.0
Cholanayakanahalli,2.0,95.0
Cholanayakanahalli,3.0,140.0
Cholanayakanahalli,4.0,135.0
Cholanayakanahalli,5.0,1000.0
Choodasandra,2.0,53.26833333333334
Choodasandra,3.0,102.5
Choodasandra,4.0,292.5
Chowdeshwari Layout,3.0,80.0
Chuchangatta Colony,3.0,44.0
Church Street,4.0,1068.0
Ckikkakammana Halli,2.0,42.0
Classic Paradise Layout,2.0,53.0
Classic Paradise Layout,5.0,145.0
Cleveland Town,2.0,85.0
Cleveland Town,3.0,160.0
Coconut Garden,3.0,85.0
Coconut Grove Layout,2.0,47.125
Coconut Grove Layout,3.0,80.5
Coffee Board Layout,2.0,56.0
Coffee Board Layout,3.0,130.0
Cooke Town,1.0,35.0
Cooke Town,2.0,133.66666666666666
Cooke Town,3.0,229.875
Cottonpet,2.0,75.0
Cottonpet,4.0,180.0
Cottonpet,5.0,210.0
Cottonpet,8.0,200.0
Cox Town,1.0,29.0
Cox Town,2.0,108.5
Cox Town,3.0,135.0
Cox Town,4.0,300.0
Craig Park Layout,2.0,148.0
Crimson Layout,2.0,58.5
Crimson Layout,3.0,95.0
Cunningham Road,3.0,637.3333333333334
Cunningham Road,4.0,1348.3333333333333
Cunningham Road,5.0,936.0
D Group Employees Layout,4.0,230.0
D Group Employees Layout,5.0,158.0
D Souza Layout,3.0,1015.0
DUO Layout,3.0,75.0
Daadys Gaarden Layout,3.0,69.0
Dairy Circle,2.0,181.0
Dairy Circle,3.0,273.0
Dairy Circle,4.0,447.5
Dasanapura,1.0,34.66
Dasanapura,2.0,45.42636363636364
Dasanapura,3.0,64.72
Dasanapura,4.0,100.0
Dasappa Layout,2.0,46.0
Dasappa Layout,5.0,85.0
Dasappa Layout,7.0,130.0
Dasarahalli,2.0,60.92818181818182
Dasarahalli,3.0,118.2
Dasarahalli,7.0,150.0
Deepanjali Nagar,3.0,160.0
Defence Colony,2.0,125.5
Defence Colony,4.0,365.0
Defence Colony,6.0,2800.0
Defence Layout,3.0,130.0
Dena Bank Colony,2.0,75.0
Dena Bank Colony,3.0,64.5
Devanahalli,1.0,42.894285714285715
Devanahalli,2.0,58.92346153846154
Devanahalli,3.0,86.89923076923077
Devanahalli,4.0,360.875
Devanahalli,5.0,100.0
Devanahalli Int. Airport,2.0,71.0
Devanahalli Int. Airport,4.0,350.0
Devanahalli Road,3.0,92.0
Devanahalli Road,5.0,199.0
Devara Jeevanahalli,3.0,52.0
Devara Jeevanahalli,4.0,35.0
Devara Jeevanahalli,7.0,52.0
Devarabeesana Halli,3.0,110.0
Devarabisanahalli,2.0,80.0
Devarachikkanahalli,1.0,24.0
Devarachikkanahalli,2.0,58.0
Devarachikkanahalli,8.0,85.0
Devasandra Extension,2.0,32.0
Devasandra Extension,6.0,180.0
Devasthanagalu,2.0,49.25
Devasthanagalu,3.0,65.0
Devi Nagar,2.0,62.0
Devi Nagar,3.0,86.5
Dhanalakshmi Layout,6.0,250.0
Dinnur,3.0,97.0
Divya Unnathi Layout,2.0,51.28
Divya Unnathi Layout,3.0,64.42
Doctor Layout Rayasandra,2.0,90.0
Doctors Layout,2.0,50.0
Doctors Layout,3.0,60.9
Dodda Banaswadi,2.0,36.0
Dodda Banaswadi,3.0,64.66666666666667
Dodda Banaswadi,4.0,150.0
Dodda Kempaiah Layout,2.0,45.0
Dodda Kempaiah Layout,3.0,75.0
Dodda Nekkundi,2.0,49.37444444444444
Dodda Nekkundi,3.0,127.525
Dodda Nekkundi,4.0,565.0
Dodda Nekkundi Extension,2.0,67.33333333333333
Dodda Nekkundi Extension,3.0,103.0
Doddaballapur,1.0,49.0
Doddaballapur,2.0,10.5
Doddaballapur,3.0,201.4
Doddaballapur,4.0,201.66666666666666
Doddabanahalli,2.0,31.0
Doddabanahalli,3.0,65.16499999999999
Doddabele,2.0,36.0
Doddabidrakallu,2.0,33.0
Doddabidrakallu,3.0,74.0
Doddabommasandra,2.0,61.0
Doddabommasandra,3.0,67.5
Doddabommasandra,8.0,145.0
Doddabommasandra,9.0,175.0
Doddagubbi,1.0,27.0
Doddagubbi,2.0,39.0
Doddagubbi,3.0,70.0
Doddagubbi,4.0,85.0
Doddakallasandra,2.0,41.615
Doddakallasandra,3.0,56.042500000000004
Doddakammanahalli,2.0,55.5
Doddakammanahalli,3.0,67.125
Doddakannelli,2.0,46.5
Doddakannelli,3.0,75.0
Doddakannelli,6.0,122.0
Doddanakundi Industrial Area 2,2.0,55.00333333333333
Doddanakundi Industrial Area 2,3.0,90.0
Doddanakunte,5.0,150.0
Doddanekundi,2.0,49.13333333333333
Doddanekundi,3.0,165.0
Doddanekundi,4.0,850.0
Doddathoguru,1.0,19.833333333333332
Doddathoguru,2.0,41.1945
Doddathoguru,3.0,59.857142857142854
Dodsworth Layout,2.0,78.66666666666667
Dodsworth Layout,3.0,244.4
Dodsworth Layout,6.0,1824.0
Dollar Scheme Colony,4.0,310.0
Dollars Colony,2.0,65.0
Dollars Colony,3.0,758.3333333333334
Dollars Colony,4.0,338.3333333333333
Dollars Layout,3.0,154.0
Dollars Layout,4.0,760.0
Dominic Layout,3.0,39.14
Domlur,1.0,65.0
Domlur,2.0,119.25
Domlur,3.0,161.23076923076923
Domlur,6.0,600.0
Domlur Layout,2.0,160.0
Domlur Layout,3.0,200.0
Domlur Layout,4.0,595.0
Dommasandra,2.0,34.6675
Dommasandra,3.0,47.0075
Dommasandra,4.0,68.0
Doopanahalli,2.0,70.0
Doopanahalli,3.0,162.25
Dooravani Nagar,3.0,123.75
Double Road,3.0,100.0
Dr Shivarama Karantha Nagar,2.0,54.0
Dr Shivarama Karantha Nagar,3.0,65.0
Duddanahalli,3.0,47.0
Duvasapalya,2.0,48.6
Dwaraka Nagar,3.0,51.0
Dwarka Nagar,3.0,95.75
Dwarka Nagar,8.0,125.0
"ECC Road, Whitefield, ",2.0,67.0
"ECC Road, Whitefield, ",3.0,93.0
"EPIP AREA, WHITEFIELD",3.0,139.0
EPIP Zone,2.0,79.98
EPIP Zone,3.0,149.63636363636363
EPIP Zone,4.0,204.0
Ejipura,2.0,68.75
Ejipura,3.0,113.33333333333333
Ejipura,5.0,139.0
Ejipura,7.0,250.0
Electronic City,1.0,30.84363636363636
Electronic City,2.0,44.128624338624334
Electronic City,3.0,70.434875
Electronic City,4.0,205.25
Electronic City,5.0,78.0
"Electronic City Phase 1, ",3.0,50.0
Electronic City Phase II,1.0,83.02000000000001
Electronic City Phase II,2.0,39.707662337662335
Electronic City Phase II,3.0,48.373999999999995
Electronic City Phase II,4.0,100.29333333333334
"Electronic city Phase 1, ",2.0,33.0
"Electronic city Phase 1, ",3.0,58.0
"Electronic city phase 1, ",2.0,39.0
Electronics City Phase 1,1.0,34.25615384615384
Electronics City Phase 1,2.0,50.16659574468085
Electronics City Phase 1,3.0,73.002
Electronics City Phase 1,6.0,120.0
Escorts Colony,5.0,93.0
Esther Enclave Layout,2.0,67.0
Esther Enclave Layout,5.0,140.0
Ex-Servicemen Colony Dinnur Main Road R.T.Nagar,6.0,101.0
Ferrar Nagar,2.0,69.0
Ferrar Nagar,4.0,185.0
Fraser town,6.0,128.0
Frazer Town,1.0,95.0
Frazer Town,2.0,109.66666666666667
Frazer Town,3.0,225.26666666666668
Frazer Town,4.0,424.2
Frazer Town,5.0,442.5
Friends Colony,2.0,44.0
Friends Colony,3.0,75.0
GB Palya,2.0,45.0
GD Layout,2.0,44.0
GD Layout,3.0,68.0
GKW Layout,4.0,225.0
GM Palaya,1.0,35.0
GM Palaya,2.0,45.39
GM Palaya,3.0,70.0
Gandhi Bazar,3.0,110.0
Gandhi Nagar,5.0,80.0
Ganesha Block,3.0,209.0
Ganga Nagar,1.0,51.5
Ganga Nagar,2.0,61.0
Ganga Nagar,3.0,85.0
Ganga Nagar Extension,3.0,65.0
Ganganahalli,4.0,90.0
Gangondanahalli,3.0,48.0
Garden Layout,3.0,93.93
Garebhavipalya,2.0,75.0
Garebhavipalya,3.0,55.0
Garudachar Palya,2.0,51.16777777777778
Garudachar Palya,3.0,80.025
Gattahalli,2.0,45.5
Gattahalli,3.0,79.0
Gattigere,2.0,63.0
Gattigere,5.0,95.0
Gaundanapalya,2.0,46.0
Gaurava Nagar,3.0,46.0
Gayathri Nagar,2.0,90.0
Geddalahalli,2.0,44.0
Geddalahalli,5.0,95.0
Geetanjali Layout,4.0,300.0
Geleyara Balaga Layout,2.0,24.0
Gidada Konnenahalli,4.0,240.0
Gidada Konnenahalli,6.0,105.0
Giri Nagar,1.0,125.0
Giri Nagar,2.0,42.0
Giri Nagar,3.0,210.66666666666666
Giri Nagar,4.0,431.25
Giri Nagar,6.0,262.5
Giri Nagar,7.0,250.0
Gkvk Layout,2.0,54.0
Gkvk Layout,3.0,187.5
Glass Factory Layout,2.0,42.0
Glass Factory Layout,3.0,64.33333333333333
Gnana Bharathi,6.0,170.0
Gnana Bharathi,9.0,130.0
Gokaula Extension,3.0,90.0
Gokula Extension,3.0,90.0
Gokula Extension,4.0,175.0
Gollahalli,2.0,48.871428571428574
Gollahalli,3.0,62.5
Gollarahatti,4.0,24.5
Gollarapalya Hosahalli,2.0,40.166666666666664
Gollarapalya Hosahalli,3.0,57.0
Gopal Reddy Layout,3.0,75.0
Gopalapura,3.0,256.75
Gopalapura,4.0,460.5
Gopalkrishna Nagar,2.0,69.75
Gopalkrishna Nagar,3.0,84.66666666666667
Goraguntepalya,4.0,150.0
Gottigere,1.0,67.33333333333333
Gottigere,2.0,46.4491304347826
Gottigere,3.0,66.73529411764706
Gottigere,4.0,111.33333333333333
Gottigere,5.0,100.0
Gottigere,8.0,90.0
Govindapura,2.0,74.0
Govindapura,4.0,65.0
Govindaraja Nagar Ward,2.0,45.0
Govindaraja Nagar Ward,5.0,370.0
Govindpura,2.0,62.17
Govindpura,3.0,75.89500000000001
Govindpura,6.0,100.0
Govindraja Nagar,2.0,50.0
Gowdanapalya,1.0,34.0
Gowdanapalya,2.0,39.0
Gowdanapalya,8.0,190.0
Green Domain Layout,2.0,75.0
Green Domain Layout,3.0,170.0
Green Garden Layout,2.0,45.0
Green Garden Layout,3.0,70.0
Green Glen Layout,2.0,59.95
Green Glen Layout,3.0,110.53333333333333
Green Glen Layout,4.0,217.66666666666666
Green View Layout,2.0,42.142857142857146
Green Woods Layout,2.0,59.5
Grihalakshmi Layout,5.0,150.0
Gubbalala,2.0,58.651428571428575
Gubbalala,3.0,95.46428571428571
Gubbalala,4.0,235.0
Gubbalala,6.0,88.0
"Gubbi Cross, Hennur Main Road",4.0,300.0
Guddadahalli,2.0,65.0
Guddadahalli,4.0,140.0
Gulakamale,2.0,50.0
Gulimangala,2.0,35.0
Gulimangala,3.0,60.0
Guni Agrahara,3.0,120.0
Gunjur,2.0,47.40416666666667
Gunjur,3.0,71.11125
Gunjur,4.0,95.0
Gunjur Palya,2.0,35.722857142857144
Gunjur Palya,3.0,49.333333333333336
HAL 2nd Stage,2.0,140.0
HAL 2nd Stage,3.0,308.3333333333333
HAL 2nd Stage,4.0,632.5
HAL 2nd Stage,5.0,500.0
HAL 2nd Stage,7.0,250.0
HAL 2nd Stage,8.0,260.0
HAL 3rd Stage,2.0,49.0
HAL 3rd Stage,3.0,350.0
HAL Layout,3.0,65.0
HBR Layout,2.0,77.42857142857143
HBR Layout,3.0,152.5
HBR Layout,4.0,158.8
HBR Layout,9.0,280.0
HMT Layout,2.0,58.0
HMT Layout,3.0,82.5
HOSUR MAIN ROAD,2.0,56.0
HOSUR MAIN ROAD,3.0,55.6
HOSUR RMAIN ROAD,3.0,56.0
HRBR Layout,2.0,87.4375
HRBR Layout,3.0,157.4
HRBR Layout,4.0,185.0
HRBR Layout,6.0,262.5
HSR Layout,2.0,55.25806451612903
HSR Layout,3.0,94.3076923076923
HSR Layout,4.0,290.0
HSR Layout,5.0,350.0
HSR Layout,9.0,350.0
"HSR Layout 7th sector, ",3.0,152.0
Hadosiddapura,2.0,55.0
Hadosiddapura,3.0,165.0
Hagadur,2.0,47.833333333333336
Hal old airport road,3.0,110.0
Halanayakanahalli,3.0,165.0
Hallehalli,4.0,65.0
Handenahalli,4.0,120.0
Hanumagiri,2.0,38.0
Hanuman Nagar,3.0,108.0
Hanumanth Nagar,2.0,54.28666666666667
Hanumanth Nagar,3.0,67.49
Hanumantha Nagar,2.0,125.0
Hanumantha Nagar,4.0,175.0
Hanumantha Nagar,8.0,310.0
Haralur Road,1.0,57.0
Haralur Road,2.0,54.9372619047619
Haralur Road,3.0,95.47200000000001
Haralur Road,4.0,200.625
"Haralur Road, ",4.0,189.0
Harappanahalli,2.0,71.5
Harlur,2.0,72.94457142857142
Harlur,3.0,125.7388888888889
Harlur,4.0,170.7
Harohalli,2.0,52.0
Harsha Layout,1.0,17.333333333333332
Harsha Layout,4.0,100.0
Havanur extension,3.0,360.0
Hebbal,2.0,72.61245901639344
Hebbal,3.0,149.2136111111111
Hebbal,4.0,311.6578947368421
Hebbal,7.0,550.0
Hebbal,8.0,220.0
Hebbal Kempapura,2.0,89.57142857142857
Hebbal Kempapura,3.0,174.58333333333334
Hebbal Kempapura,4.0,270.7142857142857
Hebbal Kempapura,5.0,210.0
Hegde Nagar,2.0,71.87
Hegde Nagar,3.0,125.48529411764706
Hegde Nagar,4.0,279.6666666666667
Hegde Nagar,6.0,154.0
Hegganahalli,1.0,47.0
Hennagara,2.0,28.0
Hennagara,6.0,120.0
Hennur,2.0,53.732777777777784
Hennur,3.0,89.24730769230769
Hennur,4.0,170.0
Hennur,5.0,125.0
Hennur Bande,2.0,74.0
Hennur Bande,3.0,60.0
Hennur Bande,5.0,150.0
Hennur Bande,6.0,180.0
Hennur Busstop,2.0,62.7
Hennur Gardens,2.0,115.0
Hennur Gardens,3.0,120.33333333333333
Hennur Road,2.0,63.53081967213115
Hennur Road,3.0,104.98785714285714
Hennur Road,4.0,271.25
Hennur Road,5.0,355.0
Herohalli,2.0,80.0
Herohalli,3.0,90.0
Herohalli,5.0,44.5
Hessarghatta,2.0,35.75
Hessarghatta,3.0,65.0
Hessarghatta,5.0,125.0
High grounds,3.0,190.0
Himagiri Meadows,2.0,36.0
Himagiri Meadows,3.0,180.0
Himagiri Meadows,4.0,175.0
Hiremath Layout,2.0,56.0
Hiremath Layout,3.0,85.66666666666667
Hiremath Layout,4.0,135.0
Hommadevanahalli,2.0,50.0
Hongasandra,2.0,44.0
Hongasandra,7.0,89.0
Hongasandra,8.0,135.0
Hoodi,1.0,43.81333333333333
Hoodi,2.0,71.300375
Hoodi,3.0,97.0220588235294
Hoodi,4.0,129.66916666666665
Hoodi,5.0,277.5
Hoodi,8.0,145.0
"Hoodi Circle, ",1.0,39.5
"Hoodi Circle, ",2.0,59.63333333333333
"Hoodi Circle, ",3.0,79.0
"Hoodi Circle, ",4.0,95.0
Hoodi Layout,2.0,75.0
Hoodi Layout,3.0,88.0
Horamavu Agara,1.0,27.0
Horamavu Agara,2.0,42.05652173913043
Horamavu Agara,3.0,65.77692307692308
Horamavu Agara,4.0,97.5
Horamavu Agara,5.0,80.0
Horamavu Agara,6.0,98.0
Horamavu Banaswadi,2.0,50.675
Horamavu Banaswadi,3.0,76.75
Horamavu Banaswadi,4.0,86.5
Horamavu Banaswadi,5.0,140.0
Horamavu Banaswadi,6.0,200.0
Hormavu,1.0,42.425000000000004
Hormavu,2.0,53.746847826086956
Hormavu,3.0,77.58205882352941
Hormavu,4.0,223.5
Hormavu,5.0,140.0
Hosa Road,1.0,35.988
Hosa Road,2.0,53.392
Hosa Road,3.0,92.97384615384615
Hosa Road,4.0,64.05
Hosa Road,5.0,55.0
Hosa Road,6.0,145.0
Hosahalli,3.0,70.0
Hosahalli Extension,2.0,40.0
Hosahalli Extension,3.0,120.0
Hosahalli Extension,5.0,240.0
Hosahalli Extension,6.0,203.0
Hosahalli Extension,9.0,112.0
Hosakerehalli,1.0,150.0
Hosakerehalli,2.0,56.674285714285716
Hosakerehalli,3.0,188.35714285714286
Hosakerehalli,4.0,286.75
Hosakerehalli,5.0,145.0
Hosakerehalli,8.0,145.0
Hosakerehalli,9.0,150.0
Hosakerehalli Layout,2.0,64.0
Hosakerehalli Layout,7.0,115.0
Hosapalya,1.0,90.0
Hosapalya,2.0,29.0
Hosapalya,8.0,95.0
Hoskote,1.0,23.0
Hoskote,2.0,33.635
Hoskote,3.0,49.857142857142854
Hoskote,4.0,120.0
Hoskote,5.0,110.0
Hoskote,9.0,185.0
Hoskote near,2.0,29.5
Hosur Road,1.0,21.76
Hosur Road,2.0,72.32625
Hosur Road,3.0,101.76142857142857
Hosur Road,4.0,150.0
Hosur Road,5.0,210.0
Housing Board Layout Vijay Nagar,8.0,220.0
Howthinarayanappa Garden,2.0,52.0
Hoysalanagar,2.0,40.0
Hoysalanagar,3.0,52.0
Hoysalanagar,6.0,90.0
Hsr layout sector3,4.0,375.0
Hulimavu,1.0,79.75
Hulimavu,2.0,62.95481481481482
Hulimavu,3.0,101.45454545454545
Hulimavu,4.0,152.0
Hulimavu,5.0,101.0
Hullahalli,5.0,99.0
Hunasamaranahalli,4.0,787.5
Huskur,2.0,32.6325
Huskur,3.0,37.83
Huskur,6.0,75.0
Huttanahalli,3.0,325.0
ISRO Layout,2.0,53.2
ISRO Layout,3.0,77.5
ISRO Layout,4.0,196.33333333333334
ISRO Layout,6.0,250.0
ITI Employees Layout,4.0,230.0
ITI Layout,2.0,83.63499999999999
ITI Layout,3.0,88.33333333333333
ITI Layout,6.0,250.0
ITPL,2.0,34.445
ITPL,3.0,64.63000000000001
ITPL,4.0,252.5
Iblur Village,2.0,68.0
Iblur Village,3.0,157.66666666666666
Iblur Village,4.0,270.5
Iblur Village,5.0,422.5
Iggalur,2.0,30.5
Ilyas Nagar,4.0,81.66666666666667
Immadihalli,1.0,27.0
Immadihalli,2.0,73.66666666666667
Indira Nagar,1.0,62.333333333333336
Indira Nagar,2.0,124.0
Indira Nagar,3.0,193.92307692307693
Indira Nagar,4.0,449.2857142857143
Indira Nagar,5.0,410.0
Indira Nagar,6.0,612.5
Indira Nagar,8.0,600.0
Indira Nagar 3rd Stage,3.0,199.0
Indira Nagar Stage 2,2.0,96.0
Indiranagar HAL 2nd Stage,4.0,640.0
Indra Nagar,3.0,258.0
Indra Nagar,8.0,160.0
Infantry Road,4.0,265.0
Ittamadu,1.0,85.0
Ittamadu,2.0,46.5
Ittamadu,3.0,90.0
Ittamadu,6.0,100.0
J C Nagar,3.0,86.5
J C Nagar,8.0,110.0
J P Nagar 7th Phase Ramayya City,4.0,350.0
J.P.nagar 6th Phase.Sarakki Nagar,4.0,185.0
JCR Layout,2.0,40.32
JP Nagar,1.0,43.59
JP Nagar,2.0,62.19796296296296
JP Nagar,3.0,119.50454545454545
JP Nagar,4.0,225.1875
JP Nagar,6.0,68.0
JP Nagar,7.0,160.0
JP Nagar,9.0,360.0
"JP Nagar 7th Phase, ",2.0,74.0
"JP Nagar 7th Phase, ",3.0,93.0
"JP Nagar 8th Phase, ",3.0,82.0
"JP nagar 9th Phase, ",3.0,72.0
Jagadish Nagar,3.0,88.0
Jagajyothi layout,2.0,58.0
Jai Bheema Nagar,2.0,55.0
Jai Bheema Nagar,3.0,70.0
Jakkasandra,3.0,102.0
Jakkasandra Extension,2.0,62.0
Jakkasandra Extension,4.0,280.0
Jakkur,2.0,73.35019230769231
Jakkur,3.0,117.03911764705882
Jakkur,4.0,329.7857142857143
Jakkur Plantation,2.0,87.0
Jakkur Plantation,3.0,136.66666666666666
Jakkur Plantation,4.0,320.0
JakkurYelahanka,2.0,75.0
Jakkuru Layout,2.0,57.54
Jaladarsini Layout,2.0,48.0
Jalahalli,1.0,44.513
Jalahalli,2.0,81.10809523809523
Jalahalli,3.0,108.81476190476191
Jalahalli,4.0,90.0
Jalahalli,8.0,130.0
Jalahalli East,1.0,37.05
Jalahalli East,2.0,48.24333333333333
Jalahalli East,3.0,74.75
Jalahalli East,4.0,64.0
Jalahalli West,1.0,24.0
Jalahalli West,2.0,52.61333333333334
Janatha Colony,2.0,57.6
Janatha Colony,3.0,57.23
Jaraganahalli Jp Nagar Post,4.0,65.0
Javarandoddi,1.0,40.0
Jay an agar 4 T Block,4.0,120.0
Jaya Mahal layout,3.0,206.5
Jaya Nagar East,3.0,350.0
Jayamahal,2.0,70.0
Jayamahal,3.0,220.0
Jayamahal,4.0,750.0
Jayamahal Extension,4.0,400.0
Jayanagar,2.0,108.33333333333333
Jayanagar,3.0,273.0
"Jayanagar, ",3.0,165.0
Jayanti Nagar,2.0,53.745000000000005
Jayanti Nagar,5.0,140.0
Jaymahal Road,3.0,400.0
Jeevan bima nagar,2.0,72.66666666666667
Jeevan bima nagar,3.0,205.0
Jeevan bima nagar,4.0,200.0
Jeevan bima nagar,5.0,160.0
Jeevanhalli,4.0,35.0
Jigani,2.0,49.938095238095244
Jigani,3.0,72.78260869565217
Jigani,4.0,193.33333333333334
Jinkethimmanahalli,2.0,76.5
Jinkethimmanahalli,3.0,130.0
Jnana Ganga Nagar,2.0,70.0
Jnana Ganga Nagar,3.0,88.0
Jnanabharathi Layout,3.0,75.0
Jnanabharathi Layout,4.0,122.33333333333333
Jogupalya,3.0,130.0
Judicial Layout,2.0,44.805
Judicial Layout,3.0,134.83333333333334
Judicial Layout,4.0,128.355
Judicial Layout,5.0,199.0
Judicial Layout,6.0,300.0
Judicial Layout,7.0,199.0
"Judicial Layout, Kanakapura Road, ",2.0,38.0
"Judicial Layout, Kanakapura Road, ",3.0,58.5
Junnasandra,4.0,240.0
Jyothi Nagar,2.0,32.75
K R C kothanur,2.0,45.0
KAMAKIYA,3.0,135.0
KEB Colony,2.0,36.84
KEB Colony,3.0,90.0
KG Halli,1.0,26.0
KHB Colony Extension,3.0,65.0
KPC Layout,2.0,62.0
KR Garden,2.0,80.75
KR Garden,3.0,250.0
KR Layout,1.0,40.5
KR Layout,4.0,700.0
KR Puram,1.0,24.75
KR Puram,2.0,51.28150943396226
KR Puram,3.0,73.23818181818181
KR Puram,4.0,140.22222222222223
KR Puram,5.0,190.0
KR Puram,6.0,112.5
KR Puram,7.0,110.0
KR Puram,8.0,382.0
KR Puram,9.0,200.0
KSRTC Layout,2.0,62.5
KSRTC Layout,3.0,50.0
KSRTC Layout,4.0,110.0
KUDLU MAIN ROAD,2.0,56.0
KUDLU MAIN ROAD,3.0,54.75
Kachanayakanahalli,2.0,38.0
Kacharakanahalli,1.0,56.25
Kacharakanahalli,2.0,51.70333333333334
Kacharakanahalli,3.0,83.5
Kada Agrahara,2.0,37.5
Kada Agrahara,3.0,49.333333333333336
Kadabagere,1.0,29.0
Kadabagere,2.0,14.5
Kadabagere,4.0,86.0
Kadarenahalli,1.0,35.0
Kadubeesanahalli,2.0,70.16666666666667
Kadubeesanahalli,3.0,81.2
Kadubeesanahalli,4.0,425.0
Kadugodi,1.0,40.7
Kadugodi,2.0,55.214666666666666
Kadugodi,3.0,92.32058823529412
Kadugodi,4.0,208.5
Kadugodi,5.0,135.0
Kadugodi,7.0,130.0
Kadugodi,9.0,200.0
Kadugondanahalli,2.0,45.0
Kadugondanahalli,4.0,54.9
Kadugondanahalli,6.0,66.0
Kadugondanahalli,8.0,60.0
Kaggadasapura,2.0,47.67777777777778
Kaggadasapura,3.0,68.92857142857143
Kaggadasapura,4.0,95.0
Kaggadasapura,5.0,140.0
Kaggalipura,1.0,36.333333333333336
Kaggalipura,2.0,51.75
Kaggalipura,3.0,87.5
Kaggalipura,4.0,212.0
Kaikondrahalli,2.0,51.67999999999999
Kaikondrahalli,3.0,88.25
Kaikondrahalli,4.0,125.0
Kaikondrahalli,6.0,225.0
Kalasipalya,7.0,300.0
Kalena Agrahara,1.0,39.0
Kalena Agrahara,2.0,52.5
Kalena Agrahara,3.0,111.33333333333333
Kalhalli,2.0,160.0
Kalkere,2.0,49.375
Kalkere,3.0,74.5
Kalkere Channasandra,2.0,53.0
Kallumantapa,2.0,54.6
Kalyan nagar,2.0,87.45
Kalyan nagar,3.0,94.6
Kalyan nagar,4.0,225.0
Kalyan nagar,6.0,249.0
Kamakshipalya,1.0,30.0
Kamakshipalya,2.0,108.33333333333333
Kamakshipalya,3.0,57.333333333333336
Kamakshipalya,4.0,80.0
Kamakshipalya,9.0,180.0
Kamakya Layout,2.0,150.0
Kamakya Layout,4.0,108.0
Kamakya Layout,6.0,200.0
Kamala Nagar,1.0,33.0
Kamala Nagar,2.0,61.5
Kamala Nagar,3.0,400.0
Kambipura,2.0,41.063125
Kambipura,3.0,50.875
Kamdhenu Nagar,2.0,46.0
Kammagondahalli,2.0,51.5
Kammagondahalli,3.0,87.5
Kammagondahalli,6.0,110.0
Kammanahalli,1.0,59.0
Kammanahalli,2.0,70.6
Kammanahalli,3.0,55.0
Kammanahalli,4.0,197.0
Kammanahalli,5.0,145.0
Kammanahalli,6.0,117.5
Kammasandra,1.0,18.455
Kammasandra,2.0,33.611666666666665
Kammasandra,3.0,50.207499999999996
Kammasandra,4.0,60.0
Kanaka Nagar,2.0,82.5
Kanaka Nagar,3.0,132.25
Kanaka Nagar,4.0,90.0
Kanakadasa Layout,4.0,95.0
Kanakapur main road,2.0,43.04
Kanakapura,1.0,37.894999999999996
Kanakapura,2.0,48.647777777777776
Kanakapura,3.0,74.49222222222222
Kanakapura,4.0,120.0
Kanakapura  Rod,3.0,45.68
Kanakapura Main Road,2.0,37.8
Kanakapura Road,3.0,130.0
"Kanakapura Road, ",3.0,95.0
Kanakapura main  Road,3.0,52.33
Kanakpura Road,1.0,29.104999999999997
Kanakpura Road,2.0,60.578168316831686
Kanakpura Road,3.0,78.20944881889764
Kanakpura Road,4.0,190.0
Kanakpura Road,5.0,65.0
Kannamangala,2.0,53.82875
Kannamangala,3.0,103.76285714285714
Kannamangala,4.0,155.0
Kannur,3.0,55.0
Kariyammana Agrahara,3.0,90.0
Karnataka Shabarimala,4.0,70.0
Karuna Nagar,2.0,65.0
Karuna Nagar,3.0,147.2
Kasavanhalli,1.0,43.82
Kasavanhalli,2.0,67.3940625
Kasavanhalli,3.0,100.49263157894737
Kasavanhalli,4.0,269.8333333333333
Kashi Nagar,2.0,46.0
Kashi Nagar,4.0,80.0
Kasturi Nagar,2.0,69.83333333333333
Kasturi Nagar,3.0,89.625
Kasturi Nagar,4.0,173.75
Kasturi Nagar,5.0,450.0
Kathreguppe,4.0,1200.0
Kathreguppe,8.0,250.0
Kathriguppe,2.0,69.37
Kathriguppe,3.0,78.8545
Kathriguppe IV Phase,3.0,131.0
Kattigenahalli,2.0,58.5
Kattigenahalli,3.0,70.0
Kattigenahalli,7.0,125.0
Kattigenahalli,8.0,135.0
Kaval Byrasandra,1.0,25.0
Kaval Byrasandra,2.0,50.333333333333336
Kaval Byrasandra,3.0,93.0
Kaval Byrasandra,4.0,110.0
Kaverappa Layout,2.0,72.71428571428571
Kaverappa Layout,3.0,85.0
Kaverappa Layout,4.0,215.0
Kaveri Nagar,1.0,25.0
Kaveri Nagar,3.0,155.0
Kaveri Nagar,5.0,180.0
Kavika Layout,3.0,75.0
Kavika Layout,6.0,101.0
Keerthi Layout,2.0,25.0
Kempapura,3.0,80.0
Kempapura,5.0,225.0
Kempegowda Nagar,3.0,101.5
Kenchanehalli R R Nagar,3.0,45.12
Kenchenahalli,1.0,40.0
Kenchenahalli,2.0,54.375
Kenchenahalli,3.0,69.0
Kenchenahalli,4.0,125.0
Kenchenahalli,5.0,65.0
Kenchenhalli,2.0,52.0
Kenchenhalli,3.0,79.99
Kenchenhalli,4.0,90.0
Kengeri,1.0,21.796
Kengeri,2.0,40.617714285714285
Kengeri,3.0,73.24384615384616
Kengeri,4.0,186.5
Kengeri,5.0,100.0
Kengeri,6.0,150.0
Kengeri,7.0,140.0
Kengeri Hobli,2.0,95.0
Kengeri Hobli,3.0,36.0
Kengeri Satellite Town,1.0,22.333333333333332
Kengeri Satellite Town,2.0,43.7782
Kengeri Satellite Town,3.0,57.55666666666667
Kengeri Satellite Town,4.0,132.21
Kengeri Satellite Town,5.0,70.0
Kengeri Satellite Town ( BDA SITE),4.0,172.0
Kengeri Satellite Town KHB Apartment,3.0,45.0
Kengeri Satellite Town Stage II,1.0,20.0
Kereguddadahalli,1.0,19.5
Kereguddadahalli,2.0,31.28888888888889
Kereguddadahalli,3.0,42.4
Kereguddadahalli,6.0,60.0
Keshava Nagar,2.0,112.5
Keshava Nagar,3.0,157.0
Kirloskar Layout,3.0,35.0
Kirloskar Layout,4.0,89.0
Kirloskar Layout,5.0,88.0
"Kirloskar layout, Basaveshwarnagar",2.0,49.5
Kithaganur,2.0,62.0
Kithaganur,3.0,70.0
Kithaganur,5.0,62.0
Kodanda Reddy Layout,3.0,105.0
Kodathi,2.0,33.93333333333333
Kodathi,3.0,31.5
Kodbisanhalli,2.0,60.0
Kodbisanhalli,3.0,109.66666666666667
Kodbisanhalli,4.0,629.0
Kodichikkanahalli,1.0,28.0
Kodichikkanahalli,2.0,47.75
Kodichikkanahalli,3.0,66.83333333333333
Kodichikkanahalli,4.0,180.0
Kodichikkanahalli,5.0,125.0
Kodichikkanahalli,6.0,200.0
Kodigehaali,2.0,49.57142857142857
Kodigehaali,3.0,96.75
Kodigehaali,4.0,157.5
Kodigehalli,1.0,53.0
Kodigehalli,2.0,52.532
Kodigehalli,3.0,153.0
Kodigehalli,4.0,167.0
Kodihalli,2.0,106.0
Kodihalli,3.0,236.0
Kodihalli,4.0,577.5714285714286
Kodipalya,1.0,17.0
Kodipalya,4.0,88.0
Kodipalya,5.0,72.0
Kogilu,1.0,32.56
Kogilu,2.0,50.00416666666666
Kogilu,3.0,147.65833333333333
Kogilu,7.0,86.5
Kogilu,8.0,105.0
Kogilu,10.0,450.0
Konanakunte,2.0,58.0
Konanakunte,3.0,158.5
Konanakunte,4.0,260.2
Konanakunte,9.0,150.0
Konanakunte Cross,2.0,87.33333333333333
Konanakunte Cross,3.0,130.0
Konappana Agrahara,2.0,42.5
Konena Agrahara,2.0,53.5
Konena Agrahara,5.0,460.0
Koppa,3.0,48.0
Koramangala,2.0,116.96607142857144
Koramangala,3.0,174.58064516129033
Koramangala,4.0,451.0
Koramangala,5.0,800.0
Koramangala,6.0,480.0
Kothannur,2.0,41.25
Kothannur,3.0,55.78636363636363
Kothannur,4.0,73.66666666666667
Kothannur,6.0,142.5
Kothanur,1.0,52.5
Kothanur,2.0,57.083333333333336
Kothanur,3.0,88.464
Kothanur,4.0,182.0
Kothanur,5.0,550.0
Kothanur,8.0,117.5
Kothnoor Dinne,2.0,36.5
Kothnur Narayanapura,2.0,77.5
Kothnur Narayanapura,6.0,99.0
Krishna Nagar,4.0,140.0
Krishna Nagar,5.0,90.0
Krishna Reddy Layout,3.0,164.0
Kudlu,1.0,33.0
Kudlu,2.0,48.675
Kudlu,3.0,79.27714285714286
Kudlu,4.0,114.0
Kudlu Gate,1.0,168.5
Kudlu Gate,2.0,61.95066666666666
Kudlu Gate,3.0,81.48947368421052
Kudlu Gate,4.0,205.0
"Kudlu Village, ",3.0,64.0
Kullappa Colony,2.0,62.5
Kumara Park,2.0,162.5
Kumara Park,3.0,207.0
Kumara Park,4.0,800.0
Kumarapalli,2.0,52.6
Kumarapalli,3.0,63.333333333333336
Kumaraswami Layout,1.0,78.0
Kumaraswami Layout,2.0,56.214285714285715
Kumaraswami Layout,3.0,90.6
Kumaraswami Layout,4.0,170.16666666666666
Kumaraswami Layout,5.0,106.5
Kumaraswami Layout,6.0,85.0
Kumaraswami Layout,7.0,174.66666666666666
Kumbalgodu,5.0,85.0
Kumbena Agrahara,2.0,50.0
Kumbena Agrahara,3.0,43.71
Kumbena Agrahara,6.0,135.0
Kumbhena Agrahara,6.0,150.0
Kundalahalli,1.0,650.0
Kundalahalli,2.0,69.38388888888889
Kundalahalli,3.0,118.52173913043478
Kundalahalli,4.0,343.75
Kundalahalli Colony,2.0,79.5
Kundalahalli Colony,3.0,110.0
Kurubarahalli,1.0,60.5
Kurubarahalli,3.0,70.0
Kurubarahalli,4.0,65.0
Kuvempu Layout,3.0,160.0
Kuvempu Nagar,1.0,25.0
Kuvempu Nagar,2.0,45.0
Kuvempu Nagar,3.0,150.0
Kyalasanahalli,3.0,99.0
Kyalasanahalli,4.0,110.0
LB Shastri Nagar,1.0,32.0
LB Shastri Nagar,2.0,58.0
LB Shastri Nagar,3.0,72.5
LB Shastri Nagar,8.0,250.0
LIC Colony,2.0,115.0
Laggere,1.0,70.25
Laggere,2.0,75.0
Laggere,3.0,140.0
Laggere,4.0,150.0
Laggere,5.0,97.5
Laggere,7.0,132.0
Laggere,8.0,110.0
Lake City,1.0,22.8
Lake City,2.0,31.333333333333332
Lakkasandra,7.0,210.0
Lakkasandra Extension,5.0,250.0
Lakshmi Layout,3.0,120.0
Lakshmi Layout,4.0,85.0
Lakshmi Layout,6.0,115.0
Lakshmiamma Garden,3.0,192.5
Lakshminarayana Pura,2.0,76.875
Lakshminarayana Pura,3.0,142.0
"Lakshminarayanapura, Electronic City Phase 2",4.0,75.5
Lakshmipura,2.0,83.33333333333333
Lakshmipura Vidyaanyapura,8.0,120.0
Lal Bahadur Shastri Nagar,2.0,48.0
Lal Bahadur Shastri Nagar,3.0,185.0
Lalbagh Road,4.0,367.0
Langford Gardens,3.0,649.5
Langford Town,2.0,157.5
Langford Town,3.0,70.0
Lavakusha Nagar,3.0,75.5
Lavelle Road,2.0,153.0
Lavelle Road,3.0,362.5
Laxmi Sagar Layout,2.0,76.0
Laxmi Sagar Layout,3.0,186.66666666666666
Laxminarayana Layout,4.0,145.0
Lingadheeranahalli,3.0,109.30050000000001
Lingadheeranahalli,4.0,155.66666666666666
Lingarajapuram,1.0,60.0
Lingarajapuram,2.0,62.465
Lingarajapuram,3.0,95.0
Lingarajapuram,4.0,37.0
Lingarajapuram,6.0,63.0
Lingarajapuram,7.0,150.0
Lottegolla Halli,2.0,55.0
Lottegolla Halli,3.0,90.0
M.G Road,2.0,200.0
MCECHS  layout,2.0,54.0
MCECHS  layout,3.0,65.0
"MEI layout, Bagalgunte",3.0,90.0
MLA Layout,2.0,38.0
MM Layout,4.0,45.0
MRCR Layout,2.0,90.0
MS Pallya,3.0,94.33333333333333
MS Pallya,4.0,88.0
MS Pallya,5.0,89.0
MS Pallya,7.0,139.0
MS Pallya,8.0,350.0
Madanayakahalli,2.0,34.0
Madavara,2.0,35.0
Madavara,4.0,47.0
Madiwala,1.0,75.0
Madiwala,2.0,45.0
Madiwala,3.0,50.375
Madiwala,4.0,140.0
Magadi Road,1.0,35.0
Magadi Road,2.0,49.75181818181818
Magadi Road,3.0,63.485
Magadi Road,4.0,111.5
Magadi Road,5.0,245.0
Magadi Road,6.0,141.0
Mahadevpura,1.0,35.0
Mahadevpura,2.0,57.65882352941177
Mahadevpura,3.0,74.35444444444445
Mahadevpura,4.0,230.0
Mahadevpura,5.0,260.0
Mahaganapathy Nagar,2.0,70.0
Mahalakshmi Layout,2.0,73.5
Mahalakshmi Layout,3.0,130.0
Mahalakshmi Layout,4.0,278.25
Mahalakshmi Layout,5.0,200.0
Mahalakshmi Layout,6.0,250.0
Mahalakshmi Layout,8.0,521.0
Mahalakshmi Layout,9.0,821.0
Mahalakshmi Puram,2.0,142.5
Mahalakshmi Puram,3.0,132.0
Mahalakshmi Puram,4.0,159.0
Mahalakshmi Puram,5.0,250.0
Mahalakshmi Puram,6.0,354.0
Maheswari Nagar,2.0,60.0
Mailasandra,2.0,43.66
Maithri Layout,2.0,40.315
Maithri Layout,3.0,66.0
Makali,1.0,16.0
Malimakanapura,3.0,70.0
Mallappa Layout,3.0,75.0
Mallasandra,2.0,68.5
Mallasandra,3.0,83.35799999999999
Mallasandra,4.0,53.5
Mallathahalli,2.0,63.026666666666664
Mallathahalli,3.0,57.5
Malleshpalya,2.0,53.136
Malleshpalya,3.0,96.58333333333333
Malleshpalya,4.0,250.0
Malleshwaram,1.0,64.26
Malleshwaram,2.0,97.53846153846153
Malleshwaram,3.0,281.3333333333333
Malleshwaram,4.0,814.0
Malleshwaram,5.0,1300.0
Malleshwaram,7.0,1080.0
Malleshwaram,8.0,195.0
Malur Hosur Road,6.0,100.0
Manayata Tech Park,2.0,47.5
Manayata Tech Park,3.0,170.0
Mangammanapalya,2.0,60.0
Mangammanapalya,3.0,47.75
Manganahalli,6.0,98.0
Mango Garden Layout,3.0,125.0
Manjunath Nagar,4.0,135.0
Manjunath Nagar,5.0,163.0
Manjunatha Layout,2.0,92.5
Manonarayanapalya,3.0,52.0
Manorayana Palya,2.0,98.5
Manorayana Palya,3.0,75.0
"Maragondana Halli, kr puram, old madras road",2.0,50.0
Maragondanahalli,2.0,53.666666666666664
Maragondanahalli,3.0,74.41666666666667
Marasandra,2.0,31.0
Marasandra,3.0,85.0
Marasandra,4.0,300.0
Marathahalli,1.0,43.0
Marathahalli,2.0,65.01855263157894
Marathahalli,3.0,93.22016949152543
Marathahalli,4.0,227.33333333333334
Marathahalli,5.0,167.5
Marathahalli,6.0,108.0
Marathahalli,7.0,160.0
Marenahalli,1.0,75.0
Marenahalli,3.0,140.0
Margondanahalli,2.0,58.863
Margondanahalli,3.0,71.66666666666667
Margondanahalli,4.0,45.0
Margondanahalli,5.0,137.5
Mariyannapalya,2.0,46.0
Marsur,2.0,20.5
Marsur,3.0,81.16666666666667
Marsur,4.0,145.0
Maruthi Extension,5.0,180.0
Maruthi HBCS Layout,3.0,39.5
Maruthi Layout,2.0,42.0
Maruthi Nagar,2.0,55.25
Maruthi Nagar,3.0,40.75
Maruthi Sevanagar,2.0,48.666666666666664
Maruthi Sevanagar,4.0,168.33333333333334
Maruthi nagar kogilu,2.0,78.0
Masjid e Alkareem,5.0,62.0
Mathikere,2.0,130.0
Mathikere,3.0,132.5
Mathikere Extension,3.0,250.0
Mathikere Extension,4.0,113.75
Mathikere SBM colony,2.0,160.0
Medahalli,1.0,41.0
Medahalli,2.0,41.5
Medahalli,3.0,72.0
Medahalli,5.0,95.0
Medaralli,4.0,84.0
Medi Agrahara,4.0,85.0
Meenakshi Layout,8.0,220.0
Meenakunte,3.0,257.5
Meenakunte,4.0,252.5
Michael Palaya,3.0,200.0
Mico Layout,1.0,29.5
Mico Layout,2.0,49.125
Mico Layout,3.0,56.0
Mico Layout,9.0,210.0
Milk Colony,4.0,240.0
Millers Road,3.0,460.0
Moodalapalya,1.0,50.0
Moodalapalya,2.0,69.0
Moodalapalya,6.0,120.0
Motappa Layout,2.0,50.833333333333336
Motappa Layout,3.0,60.25666666666667
Mudalpalaya,6.0,155.0
Mukkutam Nagar,8.0,180.0
Muneshwara Nagar,2.0,48.0
Muneshwara Nagar,3.0,66.0
Munivenkatppa Layout,2.0,165.5
Munivenkatppa Layout,4.0,269.5
Munnekollal,2.0,52.336666666666666
Munnekollal,3.0,72.9875
Munnekollal,6.0,110.0
Munnekollal,7.0,185.0
Munnekollal,9.0,215.0
Munnekollal,10.0,215.0
Munnekollal,43.0,660.0
Murugeshpalya,2.0,69.33333333333333
Murugeshpalya,3.0,85.875
Murugeshpalya,4.0,310.0
Murugeshpalya,6.0,150.0
Muthurayya Swamy Layout,3.0,260.0
Muthurayya Swamy Layout,4.0,360.0
Muthyala Nagar,4.0,165.0
Mylasandra,1.0,80.0
Mylasandra,2.0,48.0
Mysore Road,1.0,20.25
Mysore Road,2.0,56.547777777777775
Mysore Road,3.0,78.64882352941176
Mysore Road,4.0,85.0
Mysore Road,12.0,300.0
N R Layout,6.0,120.0
NGR Layout,1.0,38.0
NGR Layout,2.0,47.431538461538466
NR Colony,2.0,40.05
NRI Layout,2.0,76.59333333333333
NRI Layout,3.0,71.37
NRI Layout,4.0,100.3125
NRI Layout,5.0,130.0
NS Palya,2.0,117.0
NS Palya,8.0,165.0
NTI Layout,2.0,52.5
Nagadevanahalli,2.0,70.0
Nagadevanahalli,3.0,76.25
Nagadevanahalli,4.0,115.0
Naganathapura,1.0,36.41
Naganathapura,2.0,70.006
Naganathapura,3.0,68.0
Naganathapura,5.0,86.0
Naganathapura,8.0,100.0
Nagappa Reddy Layout,2.0,43.925
Nagappa Reddy Layout,3.0,71.25
Nagaraja Garden,2.0,62.8
Nagaraja Garden,3.0,78.65
Nagaraja Garden,4.0,156.0
Nagarbhavi,1.0,67.75
Nagarbhavi,2.0,75.21333333333334
Nagarbhavi,3.0,119.18518518518519
Nagarbhavi,4.0,159.5
Nagarbhavi,5.0,232.0
Nagarbhavi,6.0,240.0
Nagarbhavi  BDA Complex,3.0,85.0
Nagarbhavi Garden Villas Layout,4.0,180.0
Nagasandra,2.0,69.5
Nagasandra,3.0,102.5
Nagasandra,4.0,106.66666666666667
Nagasandra,5.0,140.0
Nagasandra,6.0,130.0
Nagasandra,7.0,350.0
Nagasandra,8.0,160.0
Nagashetty Halli,2.0,68.0
Nagashetty Halli,4.0,121.0
Nagavara,1.0,14.0
Nagavara,2.0,51.88714285714286
Nagavara,3.0,175.85714285714286
Nagavara,4.0,122.5
Nagavarapalya,1.0,49.468
Nagavarapalya,2.0,85.5625
Nagavarapalya,3.0,122.0
Nagawara Junction,1.0,51.0
Nagawara Junction,2.0,34.0
Nagawara Junction,3.0,200.0
Nagawara Junction,4.0,245.0
Nagondanahalli,2.0,45.166666666666664
Nagondanahalli,3.0,66.0
Nagondanahalli,6.0,65.0
Naidu Layout,3.0,79.5
Nallurhalli,2.0,59.8
Nallurhalli,3.0,84.33333333333333
Nandi Durga Road,2.0,325.0
Nandi Durga Road,3.0,250.0
Nandi Hills,4.0,245.0
Nandini Layout,2.0,84.0
Nanjappa Garden,2.0,55.0
Nanjappa Garden,6.0,205.0
Nanjappa Layout,2.0,94.28
Nanjappa Layout,3.0,85.0
Nanjappa Layout Vidyaranyapura,5.0,115.0
Narayana Nagar 1st Block,2.0,48.0
Narayana Nagar 1st Block,3.0,70.0
Narayanappa Garden,2.0,70.0
Narayanapura,2.0,80.66333333333334
Narayanapura,3.0,109.575
Narayanapura,5.0,85.0
Navodaya Nagar,5.0,180.0
Nayandanahalli,2.0,57.5
Nayandanahalli,3.0,68.0
Nayandanahalli,7.0,104.0
Nayandanahalli,9.0,200.0
Ncpr Industrial Layout,2.0,72.5
"Near Electronic City, ",4.0,150.0
Near International Airport,2.0,56.0
Near International Airport,4.0,150.0
Near ullas theater,3.0,205.0
Neeladri Nagar,1.0,22.5
Neeladri Nagar,2.0,41.6
Neeladri Nagar,3.0,91.33333333333333
Neeladri Nagar,5.0,425.0
Neelamangala,2.0,56.5
Neelasandra,4.0,145.0
Nehru Nagar,2.0,43.03333333333333
Nehru Nagar,3.0,103.75
Nehru Nagar,4.0,117.5
Nelamangala,2.0,31.333333333333332
Nelamangala,3.0,100.66666666666667
Nelamangala,4.0,64.75
New Gurappana Palya,2.0,48.0
New Gurappana Palya,3.0,40.0
New Gurappana Palya,5.0,300.0
New Gurappana Palya,7.0,106.0
New Thippasandra,2.0,59.9
New Thippasandra,3.0,125.0
New Thippasandra,4.0,120.0
New Thippasandra,6.0,400.0
Ngef Layout,2.0,510.0
Ngef Layout,3.0,83.0
Ngef Layout,4.0,1000.0
Nirman Layout,3.0,60.0
Nobo Nagar,2.0,45.0
Nobo Nagar,3.0,55.0
Nobo Nagar,6.0,220.0
Nrupathunga Nagar,7.0,80.0
Nyanappana Halli,2.0,48.0
Nyanappana Halli,5.0,140.0
OLd Gurappanapalya,3.0,118.0
OMBR Layout,2.0,67.8125
OMBR Layout,3.0,119.6
OMBR Layout,4.0,240.0
OMBR Layout,5.0,207.5
Off Bannergatta Road,3.0,87.0
Off Bannergatta road,4.0,115.0
"Off Sarjapur Road, ",2.0,62.0
"Off Sarjapur Road, ",3.0,104.0
"Off Sarjapur road, ",4.0,342.0
Okalipura,5.0,120.0
Old Airport Road,2.0,73.18333333333334
Old Airport Road,3.0,175.33333333333334
Old Airport Road,4.0,233.85714285714286
Old Madras Road,2.0,64.29137931034482
Old Madras Road,3.0,117.64730769230769
Old Madras Road,4.0,182.5
Old Madras Road,5.0,306.0
Old Mangammanapalya Road,3.0,140.0
Omarbagh Layout,4.0,293.25
Omkar Nagar,2.0,53.0
Omkar Nagar,4.0,82.0
Outer Ring Road East,2.0,69.33333333333333
Outer Ring Road East,3.0,177.33333333333334
Outer Ring Road East,4.0,378.0
P Krishnappa Layout,3.0,77.0
P&T Colony,1.0,20.03
P&T Layout,2.0,41.36666666666667
PC Palaya,2.0,48.0
PNS Layout,2.0,65.0
Padmanabhanagar,2.0,63.55555555555556
Padmanabhanagar,3.0,122.89846153846155
Padmanabhanagar,4.0,309.5
Padmanabhanagar,5.0,440.0
Pai Layout,2.0,58.30769230769231
Pai Layout,3.0,69.0
"Pai layout , Mahadevapura",6.0,214.0
Palace Guttahalli,3.0,107.5
Palace Guttahalli,6.0,250.0
Palace Road,2.0,130.0
Palace Road,3.0,145.0
Palanahalli,4.0,489.0
Pampa Extension,2.0,62.75
Pampa Extension,4.0,250.0
Panathur,1.0,40.0
Panathur,2.0,71.59972972972973
Panathur,3.0,83.70846153846153
"Panathur Road, ",1.0,53.0
Panduranga Nagar,1.0,20.0
Panduranga Nagar,3.0,100.0
Papareddipalya,2.0,115.0
Parappana Agrahara,1.0,45.0
Parappana Agrahara,2.0,46.214285714285715
Parappana Agrahara,4.0,85.0
Park View Layout,4.0,70.0
Patelappa Layout,2.0,62.0
Patelappa Layout,3.0,225.0
Pattanagere,2.0,53.333333333333336
Pattanagere,3.0,65.0
Pattanagere,4.0,95.0
Pattandur Agrahara,2.0,50.95625
Pattandur Agrahara,3.0,86.0
Pattegarhpalya,8.0,140.0
Peenya,2.0,51.779999999999994
Peenya,3.0,88.5
Peenya,4.0,140.0
Peenya,5.0,110.0
Phase 1 Kammasandra,2.0,26.59
Pillanna Gardens,2.0,20.0
Poorna Pragna Layout,2.0,46.120000000000005
Poorna Pragna Layout,3.0,68.38615384615385
Poornapragna Housing Society Layout,2.0,52.2
Poornapragna Housing Society Layout,3.0,158.46666666666667
Popular Colony,2.0,54.0
Postal Colony,2.0,218.0
Postal Colony,3.0,200.0
Pragathi Nagar,1.0,33.645
Pragathi Nagar,2.0,45.583333333333336
Prakash Nagar,2.0,55.0
Prakruthi Nagar,2.0,60.0
Prasanna layout Herohalli,6.0,140.0
Prasanth Extension,2.0,46.14
Prasanti Nagar,4.0,190.0
Prashanth Nagar,3.0,150.0
Prashanth Nagar,5.0,600.0
Prashanth Nagar,6.0,260.0
Prestige Sunrise,1.0,41.0
Prithvi Layout,2.0,80.08333333333333
Prithvi Layout,3.0,179.0
Prithvi Layout,4.0,331.0
Pulkeshi Nagar,1.0,88.2
Pulkeshi Nagar,2.0,110.0
Punappa Layout,3.0,55.0
Puttanahalli,2.0,42.0
Puttanahalli,3.0,65.0
Puttanahalli,4.0,87.0
Puttappa Layout,4.0,290.0
Queens Road,3.0,169.0
R.T. Nagar,2.0,87.0
R.T. Nagar,3.0,119.75
R.T. Nagar,4.0,173.75
R.T. Nagar,5.0,450.0
R.T. Nagar,6.0,165.0
R.T. Nagar,7.0,93.0
R.T. Nagar,9.0,165.0
RBI Layout,3.0,87.0
RK Colony,9.0,230.0
RK Layout 2nd Stage,3.0,77.5
RMC YARD,7.0,162.0
RMV,3.0,363.3333333333333
RMV 2nd Stage,2.0,129.5
RMV 2nd Stage,3.0,290.0
RMV 2nd Stage,4.0,230.0
RMV Extension,2.0,57.0
RMV Extension,3.0,104.25
RMV Extension Stage 2,3.0,120.0
RMV Extension Stage 2,7.0,160.0
RPC layout,2.0,67.5
RPC layout,6.0,150.0
RR Layout,3.0,111.0
RR Layout,5.0,145.0
RR Nagar,1.0,34.0
RTO ullalu,2.0,110.0
RWF West Colony,2.0,50.0
RWF West Colony,3.0,66.14
Race Course Road,4.0,450.0
Rachenahalli,1.0,38.088
Rachenahalli,2.0,51.27034482758621
Rachenahalli,3.0,95.26263157894736
Rachenahalli,4.0,300.0
Raghavendra Layout,3.0,89.5
Raghavendra Nagar,2.0,48.27
Raghavendra Nagar,3.0,100.0
Raghavendra Nagar,5.0,95.0
Raghuvanahalli,1.0,267.8333333333333
Raghuvanahalli,2.0,35.0
Raghuvanahalli,3.0,65.8
Rahat Bagh,4.0,550.0
Rahmath Nagar,3.0,98.0
Rainbow Drive,3.0,138.0
Raja Rajashweri Nagar,3.0,45.12
Raja Rajeshwari Nagar,1.0,24.35
Raja Rajeshwari Nagar,2.0,48.9445
Raja Rajeshwari Nagar,3.0,65.36181818181818
Raja Rajeshwari Nagar,4.0,220.0
Raja Rajeshwari Nagar,6.0,125.0
Raja Rajeshwari Nagar,8.0,220.0
Raja Rajeshwari Nagar,9.0,240.0
Raja Rajeshwari Nagar 5th Stage,2.0,48.44333333333333
Raja Rajeshwari Nagar 5th Stage,3.0,73.0
Raja Rajeshwari Nagara,3.0,81.0
Rajagopala Nagar,4.0,40.0
Rajaji Nagar,1.0,75.0
Rajaji Nagar,2.0,155.33925925925925
Rajaji Nagar,3.0,287.1666666666667
Rajaji Nagar,4.0,457.59375
Rajaji Nagar,5.0,509.75
Rajaji Nagar,6.0,223.33333333333334
Rajaji Nagar,7.0,2200.0
Rajaji Nagar,8.0,180.0
Rajankunte,3.0,235.0
Rajanna Layout,2.0,37.6
Rajapura,2.0,50.0
Rajarajesheari nagar,2.0,44.8
Rajarajeshwari Nagara,3.0,65.06
Rajarajeshwari nagar,3.0,65.06
Rajarajeshwarinagar,3.0,85.0
Rajasree Layout,3.0,80.0
Rajiv Gandhi Nagar,2.0,68.6
Rajiv Gandhi Nagar,3.0,100.0
Rajiv Nagar,2.0,71.164
Rajiv Nagar,3.0,142.5
Rajiv Nagar,4.0,147.66666666666666
Ramagondanahalli,1.0,30.0
Ramagondanahalli,2.0,54.28409090909091
Ramagondanahalli,3.0,105.29727272727273
Ramagondanahalli,4.0,187.5
Ramagondanahalli,5.0,1800.0
Ramakrishnappa Layout,1.0,70.0
Ramakrishnappa Layout,2.0,185.0
Ramakrishnappa Layout,3.0,355.0
Ramamohanapuram,4.0,500.0
Ramamurthy Nagar,1.0,34.666666666666664
Ramamurthy Nagar,2.0,52.75645161290323
Ramamurthy Nagar,3.0,90.34705882352942
Ramamurthy Nagar,4.0,134.8181818181818
Ramamurthy Nagar,5.0,174.25
Ramamurthy Nagar,6.0,110.0
Ramamurthy Nagar,7.0,216.66666666666666
Ramamurthy Nagar,9.0,150.0
Ramamurthy Nagar Extension,2.0,42.66
Ramamurthy Nagar Extension,3.0,56.8
Ramamurthy Nagar Extension,4.0,42.0
Ramanagara Channapatna,4.0,75.0
Ramanashree Enclave,2.0,53.75
Ramanjaneyanagar,2.0,36.4
Ramanjaneyanagar,3.0,57.32999999999999
Ramanjaneyanagar,4.0,225.0
Ramaswamy Palya - Kammanahalli Main Road,4.0,210.0
Ramchandrapuram,1.0,50.0
Ramchandrapuram,4.0,60.0
Ramesh Nagar,2.0,136.66666666666666
Rammana Layout,3.0,100.0
Rayasandra,1.0,21.46666666666667
Rayasandra,2.0,53.4875
Rayasandra,3.0,66.15181818181817
Rayasandra,4.0,76.0
Rayasandra,5.0,105.0
Reliaable Tranquil Layout,2.0,60.0
Reliaable Tranquil Layout,3.0,76.75
Reliable Woods Layout,3.0,58.0
Remco Bhel Layout,2.0,56.0
Remco Bhel Layout,3.0,110.0
Rest House Road,3.0,400.0
Richards Town,2.0,80.0
Richards Town,3.0,195.0
Richards Town,4.0,450.0
Richmond Road,3.0,630.0
Richmond Town,2.0,100.0
Richmond Town,3.0,151.66666666666666
Richmond Town,4.0,371.0
Roopena Agrahara,1.0,42.0
Roopena Agrahara,2.0,73.51666666666667
Roopena Agrahara,3.0,47.78666666666667
Roopena Agrahara,4.0,95.0
Rukmaiah Layout,3.0,86.06
Rustam Bagh Layout,2.0,71.75
Rustam Bagh Layout,3.0,124.0
S R Layout,2.0,48.0
SARJAPUR BAGALUR ROAD,4.0,80.0
SBM Colony,3.0,280.0
SHANTHINAGAR,3.0,95.0
SK Garden,6.0,175.0
SMV layout,3.0,123.66666666666667
SRINIVASAPURA,2.0,44.55
SRINIVASAPURA,3.0,68.63
Sabari Nagar,2.0,60.0
Sadanand Nagar,3.0,350.0
Sadaramangala,2.0,57.0
Sadashiva Nagar,3.0,590.0
Sadashiva Nagar,4.0,482.5
Sadashiva Nagar,5.0,2118.0
Sadduguntepalya,2.0,75.0
Sadhguru Layout,1.0,55.0
Sahakara Nagar,2.0,63.4575
Sahakara Nagar,3.0,127.16666666666667
Sahakara Nagar,4.0,195.0
Sahyadri Layout,3.0,180.0
Sai Gardens,2.0,52.0
Sai Gardens,3.0,77.0
Samethanahalli,2.0,44.6
Samethanahalli,3.0,70.0
Sampangi Rama Nagar,2.0,102.5
Sampangi Rama Nagar,8.0,175.0
Sampige Layout,2.0,90.0
Sampigehalli,2.0,61.0
Sampigehalli,3.0,75.0
Sanjay nagar,1.0,32.0
Sanjay nagar,2.0,69.91111111111111
Sanjay nagar,3.0,161.83333333333334
Sanjay nagar,4.0,230.0
Sanjay nagar,5.0,185.0
Sanne Amanikere,1.0,27.0
Sanne Amanikere,3.0,45.0
Saptagiri Layout,2.0,44.0
Sarakki Nagar,2.0,76.23
Sarakki Nagar,3.0,249.85714285714286
Sarakki Nagar,4.0,297.2
Sarakki Nagar,6.0,75.0
Sarjapur,1.0,18.37375
Sarjapur,2.0,38.92514285714286
Sarjapur,3.0,99.25608695652173
Sarjapur,4.0,222.11764705882354
Sarjapur,5.0,90.0
Sarjapur  Road,1.0,33.63346153846154
Sarjapur  Road,2.0,60.481350364963504
Sarjapur  Road,3.0,110.98741379310346
Sarjapur  Road,4.0,294.7386363636364
Sarjapur  Road,5.0,344.75
"Sarjapur Road, ",2.0,70.0
"Sarjapur Road, ",3.0,151.0
"Sarjapur Road, ",4.0,173.0
Sarjapura - Attibele Road,1.0,23.65
Sarjapura - Attibele Road,2.0,32.163333333333334
Sarjapura - Attibele Road,3.0,60.278571428571425
Sarjapura - Attibele Road,5.0,295.0
Sarvabhouma Nagar,1.0,24.0
Sarvabhouma Nagar,2.0,42.0
Sarvabhouma Nagar,5.0,210.0
Sarvobhogam Nagar,3.0,140.0
Sathanur,3.0,110.0
Sathya Layout,2.0,51.0
Sathya Layout,3.0,101.0
Sathya Sai Layout,4.0,545.6666666666666
Sathya Sai Layout,6.0,1000.0
Satyasaibaba Layout,2.0,42.25
Sector 1 HSR Layout,2.0,120.0
Sector 1 HSR Layout,3.0,233.16666666666666
Sector 1 HSR Layout,5.0,300.0
Sector 2 HSR Layout,1.0,62.5
Sector 2 HSR Layout,2.0,74.56833333333333
Sector 2 HSR Layout,3.0,91.0
Sector 2 HSR Layout,5.0,160.0
Sector 3 HSR Layout,9.0,190.0
Sector 6 HSR Layout,3.0,580.0
Sector 6 HSR Layout,4.0,260.0
Sector 6 HSR Layout,6.0,750.0
Sector 7 HSR Layout,2.0,102.8725
Sector 7 HSR Layout,3.0,200.28571428571428
Sector 7 HSR Layout,4.0,275.0
Sector 7 HSR Layout,5.0,90.0
Seegehalli,2.0,44.705
Seegehalli,3.0,142.37692307692308
Seegehalli,4.0,363.3333333333333
Seegehalli,5.0,120.0
Seethappa Layout,2.0,42.0
Seetharampalya,2.0,66.0
Seetharampalya,3.0,78.4
Seshadripuram,2.0,113.0
Shakthi Nagar,2.0,36.0
Shampura,1.0,26.0
Shampura,2.0,43.333333333333336
Shampura,3.0,74.33333333333333
Shampura,4.0,98.0
Shampura,6.0,90.0
Shampura,7.0,95.0
Shankarapuram,2.0,103.33333333333333
Shankarapuram,4.0,350.0
Shanthala Nagar,2.0,215.0
Shanthala Nagar,3.0,180.0
Shanthala Nagar,5.0,2700.0
Shanthi Layout,3.0,81.0
Shanthi Pura,2.0,32.0
Shanti Nagar,2.0,50.0
Shanti Nagar,3.0,171.66666666666666
Shanti Nagar,4.0,523.0
Shantiniketan Layout,2.0,71.0
Shantiniketan Layout,3.0,108.0
Shantiniketan Layout,4.0,142.0
Shantiniketan Layout,5.0,235.0
Shauhardha Layout,1.0,20.0
Shettigere,1.0,30.5
Shettigere,3.0,116.0
Shettihalli,4.0,90.0
Shetty Halli,1.0,32.0
Shetty Halli,5.0,550.0
Shikaripalya,2.0,47.23333333333333
Shikaripalya,3.0,57.598
Shingapura,1.0,45.0
Shingapura,3.0,60.0
Shirdi Sai Layout,2.0,62.63
Shirdi Sai Nagar,3.0,85.0
Shivaji Nagar,1.0,306.0
Shivaji Nagar,2.0,65.21428571428571
Shivaji Nagar,3.0,167.0
Shivaji Nagar,7.0,200.0
Shivanagar,5.0,160.0
Shree Ananth Nagar Layout,2.0,47.3
Shree Ananth Nagar Layout,3.0,45.0
Siddapura,2.0,97.5
Siddapura,3.0,232.5
Siddapura,4.0,612.5
Sidedahalli,1.0,52.3
Sidedahalli,2.0,30.5
Sidedahalli,3.0,85.0
Sidedahalli,4.0,72.0
Sidedahalli,9.0,95.0
Silk Board,2.0,48.925
Silk Board,3.0,57.333333333333336
Silver Springs Layout,2.0,50.0
Silver Springs Layout,3.0,74.0
Singanayakanahalli,2.0,42.0
Singanayakanahalli,3.0,70.0
Singapura Village,2.0,39.75
Singapura Village,4.0,102.5
Singasandra,1.0,45.0
Singasandra,2.0,50.541666666666664
Singasandra,3.0,66.85714285714286
Singasandra,4.0,125.5
Singasandra,6.0,220.0
Singena Agrahara,3.0,118.0
Sneha Colony,2.0,77.5
Somanna Garden,4.0,160.0
Somasundara Palya,2.0,67.23076923076923
Somasundara Palya,3.0,65.41
Somasundara Palya,4.0,140.0
Someshwara Layout,4.0,149.5
Sompura,2.0,34.6
Sompura,3.0,50.166666666666664
Sompura,4.0,85.0
Sonam Layout,2.0,50.0
Sonnenahalli,1.0,33.651666666666664
Sonnenahalli,2.0,53.128
Sonnenahalli,3.0,62.51777777777777
Soppahalli,1.0,25.0
Soundarya Layout,2.0,29.5
Sree Narayana Nagar,3.0,50.0
Sri Balaji Krupa Layout,1.0,32.0
Sri Balaji Krupa Layout,4.0,266.5
Sri Kanteshwara Nagar,3.0,200.0
Sri Sai Layout,2.0,35.0
Sri Venkateshpura Layout,2.0,44.0
Srigandada Kaval,2.0,53.0
Srinagar,3.0,149.0
Srinagar,4.0,166.0
Srinagar,6.0,78.0
Srinivas Colony,3.0,922.0
Srinivasa Nagar,2.0,50.0
Srinivasa Nagar,3.0,76.97
Srinivasa Nagar,5.0,130.0
Srirampura,2.0,55.0
Srirampura,3.0,100.0
Srirampura,5.0,180.0
Srirampura,6.0,250.0
Srirampura,7.0,192.0
Srirampuram,1.0,500.0
Srirampuram,2.0,40.0
Srirampuram,3.0,128.0
Srirampuram,7.0,115.0
St Thomas Town,3.0,62.0
St. John's Road,2.0,60.0
St. John's Road,4.0,630.0
Stage-4 Bommanahalli,2.0,56.5
Stage-4 Bommanahalli,3.0,54.0
Subash Nagar,2.0,50.0
Subbannaiah Palya,2.0,85.0
Subhash Nagar,4.0,110.0
Subramanya Nagar,1.0,150.0
Subramanyanagar,8.0,200.0
Subramanyapura,2.0,56.55409090909091
Subramanyapura,3.0,70.64894736842105
Subramanyapura,6.0,170.0
Suddaguntepalya,2.0,34.0
Suddaguntepalya,3.0,55.333333333333336
Sugama Layout,2.0,36.0
Sultan Palaya,2.0,53.0
Sultan Palaya,3.0,108.33333333333333
Sultan Palaya,4.0,202.5
Sultan Palaya,6.0,167.5
Sulthangunta,1.0,50.0
Sundar Ram Shetty Nagar,3.0,85.0
Sundara Nagar,2.0,110.0
Sunder Ram Shetty Nagar,3.0,94.5
Sunkadakatte,1.0,24.0
Sunkadakatte,3.0,74.0
Sunkadakatte,4.0,80.0
Sunkadakatte,9.0,80.0
Sunkan palya,2.0,37.0
Surabhi Layout,3.0,110.0
Suragajakkanahalli,3.0,73.0
Suraksha Nagar,3.0,61.498333333333335
Suryanagar,2.0,45.0
Syndicate Bank Colony,3.0,66.0
Syndicate Bank Colony,4.0,240.0
T C Palya main Road,2.0,48.72
T Dasarahalli,3.0,110.0
T Dasarahalli,9.0,75.0
T G extension,2.0,95.0
T K Reddy Layout,3.0,75.0
T R Mill Road,3.0,82.0
T c palya,3.0,85.0
T.C PALYA,2.0,73.0
T.C. Palya,4.0,60.0
TC Palaya,1.0,55.0
TC Palaya,2.0,61.828571428571436
TC Palaya,3.0,71.30571428571429
TC Palaya,4.0,139.0
TC Palaya,5.0,98.0
TC Palaya,6.0,219.5
TC Palaya,8.0,130.0
"TR Mill Road, Chamarajpet",2.0,79.0
Tala Cauvery Layout,2.0,69.0
Tala Cauvery Layout,3.0,113.0
Talaghattapura,2.0,37.623636363636365
Talaghattapura,3.0,132.20448275862068
Tasker Town,2.0,73.66666666666667
Tata Nagar,2.0,70.0
Tata Nagar,3.0,70.66666666666667
Tavarekere,3.0,40.0
Tavarekere,4.0,81.0
Tavarekere,7.0,180.0
Teachers Colony,3.0,77.0
Teachers Colony,4.0,240.0
Tejaswini Nagar,1.0,28.0
Tejaswini Nagar,3.0,67.83333333333333
Telecom Layout,2.0,54.0
Telecom Layout,3.0,65.0
Thanisandra,1.0,43.635681818181816
Thanisandra,2.0,55.63879310344827
Thanisandra,3.0,100.90733644859814
Thanisandra,4.0,185.5
Thanisandra,5.0,62.0
Thanisandra,6.0,135.0
Thanisandra,8.0,125.0
"Thanisandra Main Road, ",2.0,86.0
"Thanisandra Main Road, ",3.0,151.0
"Thanisandra Main Road, ",4.0,183.0
Thanisandra main road,2.0,285.0
Thanisandra main road,3.0,455.0
Thanisandra main road,4.0,596.0
Tharabanahalli,3.0,240.0
Thigalarapalya,2.0,96.7968181818182
Thigalarapalya,3.0,151.1851851851852
Thigalarapalya,4.0,249.1818181818182
Thippasandra,1.0,30.0
Thippasandra,4.0,200.0
Thirumalashettyhally,2.0,34.46
Thirumenahalli,2.0,76.576
Thirumenahalli,3.0,49.165
Thirumenahalli,5.0,115.0
Thirupalya,2.0,65.0
Thubarahalli,2.0,69.46249999999999
Thubarahalli,3.0,98.21714285714286
Thubarahalli,4.0,239.0
Thurahalli,4.0,65.0
Thurahalli,5.0,195.0
Thyagaraja Nagar,1.0,145.33333333333334
Thyagaraja Nagar,2.0,68.0
Thyagaraja Nagar,3.0,95.25
Thyagaraja Nagar,4.0,117.5
Thyagaraja Nagar,5.0,112.5
Thyagaraja Nagar,7.0,180.0
Thyagraj Nagar,2.0,76.0
Tigalarpalya,2.0,60.0
Tigalarpalya,3.0,117.0
Tilak Nagar,1.0,40.0
Tindlu,2.0,64.36
Tindlu,3.0,77.0
Tindlu,7.0,400.0
Tippenahalli,2.0,55.0
Tirumanahalli,2.0,50.4
Tumkur Road,1.0,30.7025
Tumkur Road,2.0,59.00192307692308
Tumkur Road,3.0,89.8075
Tumkur Road,4.0,60.0
Tumkur Road,5.0,150.0
Tunganagara,1.0,18.0
Tunganagara,3.0,44.885000000000005
Uday Nagar,3.0,110.0
Uday Nagar,6.0,85.0
Udaya Nagar,2.0,61.0
Udaya Nagar,4.0,160.0
Udaya Nagar,5.0,80.0
Udayagiri,3.0,60.0
Udayapur Village,2.0,53.11
Udayapur Village,3.0,64.18333333333334
Ullal Road,4.0,190.0
Ullal Road,5.0,182.5
Ullal Uppanagar,2.0,82.0
Ullal Uppanagar,6.0,75.0
Ullal Uppanagar,7.0,169.0
Ulsoor,1.0,150.0
Ulsoor,2.0,102.5
Ulsoor,3.0,177.77777777777777
Ulsoor,4.0,585.5
Ulsoor,5.0,150.0
Ulsoor,9.0,210.0
Upadhyaya Layout,2.0,40.0
Upadhyaya Layout,3.0,67.0
Upkar Layout,1.0,70.0
Upkar Layout,2.0,71.05
Upkar Layout,6.0,160.0
Upkar Layout,7.0,169.0
Uttarahalli,1.0,36.0
Uttarahalli,2.0,46.861875
Uttarahalli,3.0,57.830000000000005
Uttarahalli,4.0,161.33333333333334
Uttarahalli,5.0,200.0
Uttarahalli,6.0,210.5
Uttarahalli,7.0,225.0
Uvce Layout,2.0,100.0
V.V Puram,2.0,55.0
VGP Layout,2.0,47.666666666666664
VGP Layout,3.0,87.5
VHBCS Layout,2.0,110.0
VHBCS Layout,3.0,110.0
Vadarpalya,2.0,62.0
Vadarpalya,3.0,85.0
Vadarpalya,5.0,120.0
Vaderahalli,3.0,85.0
Vaishnavi Layout,4.0,412.5
Vajarahalli,1.0,30.0
Vajarahalli,2.0,54.0
Vajarahalli,3.0,87.25
Vajarahalli,4.0,120.0
Vajarahalli,5.0,86.0
Varanasi,2.0,56.5
Varanasi,5.0,100.33333333333333
Varsova Layout,2.0,43.5
Varsova Layout,3.0,55.0
Varsova Layout,4.0,295.0
Varsova Layout,6.0,560.0
Varthur,1.0,70.0
Varthur,2.0,48.14190476190476
Varthur,3.0,91.61315789473684
Varthur,4.0,174.25
Varthur,5.0,65.0
Varthur,8.0,92.0
Varthur Road,1.0,13.26
Varthur Road,2.0,41.00555555555556
Varthur Road,3.0,67.82333333333334
Varthur Road,4.0,115.0
"Varthur Road, ",2.0,64.0
"Varthur Road, ",3.0,76.0
Vasantapura main road,2.0,36.28
Vasanth nagar,3.0,344.0
Vasanth nagar,4.0,758.2
Vasanth nagar,6.0,650.0
Vasantha Vallabha Nagar,2.0,44.0
Vasantha Vallabha Nagar,3.0,81.5
Vasanthapura,2.0,40.28636363636363
Vasanthapura,3.0,60.0
Vasanthpura,3.0,34.82
Vasanthpura,6.0,65.0
Vasatha Vallbha Nagar,2.0,37.8
Vayunandana Layout,5.0,120.0
Veer Sandra,3.0,72.0
Veer Sandra,4.0,264.0
Veerabhadra Nagar,3.0,100.0
Veerannapalya,2.0,45.0
Veerannapalya,7.0,100.0
Veersandra,2.0,52.5
Venkatadri Layout,1.0,42.333333333333336
Venkatapura,1.0,18.5
Venkatapura,2.0,140.0
Venkatapura,3.0,218.66666666666666
Venkatapura,4.0,285.0
Venkateshpuram,2.0,24.0
Venkateswara Nagar,1.0,20.0
Venugopal Reddy Layout,2.0,60.5
Venugopal Reddy Layout,3.0,85.0
Versova Layout,3.0,270.0
Versova Layout,4.0,400.0
Vibhutipura Extension,2.0,47.0
Vibhutipura Extension,5.0,100.0
Vibuthipura,3.0,125.0
Vibuthipura,4.0,80.0
Victoria Layout,2.0,115.5
Victoria Layout,3.0,165.0
Victoria Layout,5.0,625.0
Vidhyanagar Cross,2.0,32.0
Vidya Nagar,2.0,280.0
Vidyapeeta,6.0,98.0
Vidyaranyapura,2.0,52.53125
Vidyaranyapura,3.0,69.5
Vidyaranyapura,4.0,115.78125
Vidyaranyapura,5.0,144.66666666666666
Vidyaranyapura,6.0,140.0
Vidyaranyapura,7.0,257.5
Vidyaranyapura,8.0,130.0
Vidyaranyapura,9.0,115.0
Vignana Nagar,2.0,56.9
Vignana Nagar,3.0,42.0
Vignana Nagar,4.0,90.0
Vignana Nagar,5.0,114.0
Vijay Nagar,6.0,160.0
Vijaya Bank Colony,3.0,62.0
Vijaya Bank Layout,3.0,88.3
Vijaya Bank Layout,5.0,400.0
Vijaya Bank Layout,6.0,460.0
Vijayabank bank layout,2.0,48.0
Vijayanagar,1.0,86.195
Vijayanagar,2.0,77.92166666666667
Vijayanagar,3.0,105.92294117647059
Vijayanagar,4.0,306.0
Vijayanagar,5.0,110.0
Vijayanagar,6.0,290.0
Vijayanagar,8.0,186.0
Vijaypura,4.0,150.0
Vijinapura,2.0,71.95
Vijinapura,3.0,91.86
Vikram Nagar,2.0,38.0
Vimanapura,2.0,47.0
Vimanapura,3.0,69.5
Vinayak Nagar,1.0,36.5
Vinayak Nagar,2.0,33.0
Vinayak Nagar,3.0,95.0
Vinayaka Nagar,2.0,56.0
Vinayaka Nagar,3.0,95.0
Virat Nagar,2.0,75.2475
Virat Nagar,3.0,49.75
Virgonagar,3.0,42.2
Virudhu Nagar,2.0,68.0
Virupakshapura,2.0,57.666666666666664
Vishveshwarya Layout,1.0,30.0
Vishveshwarya Layout,3.0,99.0
Vishveshwarya Layout,4.0,88.0
Vishveshwarya Layout,6.0,160.66666666666666
Vishveshwarya Layout,7.0,225.0
Vishwanatha Nagenahalli,2.0,50.0
Vishwanatha Nagenahalli,3.0,116.66666666666667
Vishwanatha Nagenahalli,4.0,103.0
Vishwanatha Nagenahalli,5.0,80.0
Vishwapriya Layout,2.0,38.6
Vishwapriya Layout,3.0,38.0
Vishwapriya Layout,4.0,84.0
Vishwapriya Layout,5.0,106.5
Vishwapriya Layout,7.0,94.0
Vishwapriya Nagar,2.0,38.0
Vishwapriya Nagar,3.0,72.5
Vishwapriya Nagar,4.0,200.0
Vishwapriya Nagar,6.0,71.0
Viswajit Layout,2.0,61.0
Viswapriyanagar.begur Road.bommanahalli.,4.0,85.0
Vittal Mallya Road,2.0,300.0
Vittal Nagar,2.0,48.0
Vittasandra,2.0,68.42571428571429
Vittasandra,3.0,85.0
Vivek Nagar,2.0,160.0
Vivek Nagar,8.0,130.0
Viviani Road,3.0,350.0
Volagerekallahalli,2.0,39.695
Vyalikaval,2.0,75.0
Vyalikaval,7.0,160.0
Wajid layout thanisandra,4.0,100.0
Weavers Colony,1.0,27.333333333333332
West of Chord Road,2.0,160.0
Wheelers Road,2.0,68.0
"Whietfield, ",3.0,98.0
Whitefield,1.0,42.5532
Whitefield,2.0,60.61381465517242
Whitefield,3.0,109.63941358024691
Whitefield,4.0,308.4529411764706
Whitefield,5.0,415.75
Whitefield,6.0,540.0
Whitefield ECC Road,2.0,71.05
"Whitefield, ",2.0,58.0
"Whitefield, ",3.0,77.0
Williams Town,3.0,98.0
Wilson Garden,1.0,75.0
Wilson Garden,2.0,75.0
Wilson Garden,3.0,145.0
Wilson Garden,6.0,850.0
Wilson Garden,9.0,130.0
Xavier Layout,3.0,400.0
Yarandahalli,2.0,40.1
Yarandahalli,3.0,48.0
Yediyur,4.0,225.0
Yelachenahalli,2.0,75.0909090909091
Yelachenahalli,3.0,87.1
Yelachenahalli,4.0,150.0
Yelachenahalli,5.0,85.0
Yelahanka,1.0,38.202619047619045
Yelahanka,2.0,58.57394117647058
Yelahanka,3.0,86.20448051948051
Yelahanka,4.0,247.60714285714286
Yelahanka,5.0,180.6
Yelahanka,6.0,153.33333333333334
Yelahanka,7.0,175.0
Yelahanka New Town,1.0,18.357142857142858
Yelahanka New Town,2.0,74.0
Yelahanka New Town,3.0,103.1923076923077
Yelahanka New Town,4.0,504.0
"Yelahanka,MVIT college",1.0,150.0
Yelenahalli,2.0,47.53888888888889
Yelenahalli,3.0,62.123333333333335
Yemlur,2.0,66.375
Yemlur,4.0,1837.5
"Yemlur, Old Airport Road, ",3.0,115.0
Yeshwanthpur,1.0,39.99035714285714
Yeshwanthpur,2.0,73.25666666666667
Yeshwanthpur,3.0,127.653125
Yeshwanthpur,4.0,120.0
Yeshwanthpur,5.0,195.0
Yeshwanthpur,6.0,185.0
Yeshwanthpur Industrial Suburb,2.0,120.0
Yeshwanthpur Industrial Suburb,3.0,240.0
Zuzuvadi,3.0,75.0
adigondanhalli,2.0,42.0
akshaya nagar t c palya,4.0,120.0
anjananager magdi road,3.0,165.0
"asha township, off hennur road",5.0,285.0
banashankari stage iii sa,3.0,91.72
basaveshwarnagar,3.0,70.0
"beml layout, basaveshwara nagar",3.0,360.0
bsk 6th stage 2ad block near sri conversation hall,4.0,87.0
cooketown,3.0,191.0
elachenahalli,2.0,58.0
frazertown,3.0,267.5
kadubisnahalli,2.0,57.0
kamanahalli main road,3.0,95.0
kanakapura main road,2.0,36.44
kanakapura road,3.0,48.06
kg halli jalhalli west,3.0,80.0
manyata,2.0,50.11
manyata park,2.0,61.99
manyata park,3.0,84.83
manyata tech park,2.0,56.0
mvj engineering college,3.0,56.53
near Ramanashree California resort,6.0,160.0
pavitra paradise,3.0,190.0
poornaprajna layout,2.0,128.0
"ravindra nagar, T.dasarahalli peenya",2.0,74.0
rr nagar,2.0,60.0
sankeswari,1.0,31.7
sapthagiri Layout,2.0,115.0
sarjapura main road,4.0,250.0
singapura paradise,4.0,140.0
t.c palya,6.0,160.0
tc.palya,2.0,55.0
tc.palya,3.0,78.0
vinayakanagar,7.0,200.0
whitefiled,2.0,32.73
